database_identifier	chemical_formula	smiles	inchi	metabolite_identification	mass_to_charge	fragmentation	charge	retention_time	taxid	species	database	database_version	reliability	uri	search_engine	search_engine_score	modifications	smallmolecule_abundance_sub	smallmolecule_abundance_stdev_sub	smallmolecule_abundance_std_error_sub	assigned_chebi_identifier	assigned_refmet_identifier	chebi_identifier_search_status	chebi_identifier_search_time	refmet_identifier_search_status	refmet_identifier_search_time	Q-7-G-1	Q-7-G-2	Q-7-G-3	Q-7-G-4	Q-10-G-1	Q-10-G-2	Q-10-G-3	Q-10-G-4	Q-14-G-1	Q-14-G-2	Q-14-G-3	Q-14-G-4	Q-28-G-1	Q-28-G-2	Q-28-G-3	Q-28-G-4	Q-42-G-1	Q-42-G-2	Q-42-G-3	Q-42-G-4	Nip-7-G-1	Nip-7-G-2	Nip-7-G-3	Nip-7-G-4	Nip-10-G-1	Nip-10-G-2	Nip-10-G-3	Nip-10-G-4	Nip-14-G-1	Nip-14-G-2	Nip-14-G-3	Nip-14-G-4	Nip-28-G-1	Nip-28-G-2	Nip-28-G-3	Nip-28-G-4	Nip-42-G-1	Nip-42-G-2	Nip-42-G-3	Nip-42-G-4	9311-7-G-1	9311-7-G-2	9311-7-G-3	9311-7-G-4	9311-10-G-1	9311-10-G-2	9311-10-G-3	9311-10-G-4	9311-14-G-1	9311-14-G-2	9311-14-G-3	9311-14-G-4	9311-28-G-1	9311-28-G-2	9311-28-G-3	9311-28-G-4	9311-42-G-1	9311-42-G-2	9311-42-G-3	9311-42-G-4	N-7-G-1	N-7-G-2	N-7-G-3	N-7-G-4	N-10-G-1	N-10-G-2	N-10-G-3	N-10-G-4	N-14-G-1	N-14-G-2	N-14-G-3	N-14-G-4	N-28-G-1	N-28-G-2	N-28-G-3	N-28-G-4	N-42-G-1	N-42-G-2	N-42-G-3	N-42-G-4
CHEBI:16708	C5H5N5	C1=NC2=C(N1)C(=NC=N2)N	InChI=1S/C5H5N5/c6-4-3-5(9-1-7-3)10-2-8-4/h1-2H,(H3,6,7,8,9,10)	Adenine					NCBITAXON:http://purl.bioontology.org/ontology/NCBITAXON/4530	Oryza sativa											CHEBI:16708	RM0049281	same	2026-06-18 14:34:12	same	2026-06-18 14:34:12	4.667485991	4.84465141	5.072393674	5.421759494	1.488765535	1.368611311	1.194125449	1.324153613	0.266735816	0.19076163	0.233931699	0.196400587	0.029322658	0.026774179	0.021757759	0.025121623	0.019170379	0.016486881	0.021354735	0.015742884	10.472028	10.63830618	12.5611467	10.24939795	6.669022005	4.922063227	4.586734059	7.077408677	1.327591404	1.424132574	1.564974458	1.500143031	0.043366152	0.088535839	0.04746657	0.045380997	0.022113533	0.033280783	0.02354035	0.019997312	7.149987179	6.240644208	8.010145604	7.070167743	4.222020209	3.761325393	3.682604323	3.984303798	0.785013651	0.805874551	0.751256169	0.684796847	0.020552793	0.019655344	0.016940252	0.014644543	0.013775926	0.011274628	0.010900589	0.010900589	9.4526013	9.952494739	9.599265924	8.338535207	5.825820222	6.752044092	6.311334968	5.872548924	3.135596617	3.263765948	2.990768674	3.419099477	0.046617446	0.034579495	0.0392439	0.045121083	0.030644817	0.03686277	0.023888262	0.032231517
CHEBI:16449	C3H7NO2	CCOC(=O)N	InChI=1S/C3H7NO2/c1-2-6-3(4)5/h2H2,1H3,(H2,4,5)	Alanine					NCBITAXON:http://purl.bioontology.org/ontology/NCBITAXON/4530	Oryza sativa											CHEBI:16449	RM0135898	same	2026-06-18 14:34:12	same	2026-06-18 14:34:12	2.826104775	2.853363764	2.913091619	2.674473107	1.189697654	1.23365835	1.135460722	1.202482686	0.608628235	0.66268149	0.58818984	0.585039061	0.237145981	0.220760036	0.248800846	0.204015389	0.160927929	0.131489337	0.164222655	0.180646014	7.752744793	7.23937302	7.477159842	7.11059927	5.348618082	4.948914564	4.667378176	5.707199798	2.427076652	2.629159668	2.681461769	2.769137959	0.643542607	0.694407578	0.730546945	0.423528723	0.286902164	0.251083913	0.259140513	0.28292217	5.733348203	5.509685728	5.268145584	5.094724209	3.630971506	3.581839551	4.028733643	3.947940151	0.725226805	0.698640479	0.864539278	0.77955532	0.099588012	0.114925509	0.099975557	0.085784982	0.183771035	0.113778738	0.146791633	0.122134993	6.462773849	5.878201496	5.445297166	5.126475936	4.741596644	5.215966347	4.737489739	5.299820356	1.974756836	1.973007334	2.000109744	2.057687301	0.190559793	0.183853125	0.163640178	0.18279757	0.220498887	0.200835734	0.18916597	0.204640867
CHEBI:29016	C6H14N4O2	C(CC(C(=O)O)N)CN=C(N)N	InChI=1S/C6H14N4O2/c7-4(5(11)12)2-1-3-10-6(8)9/h4H,1-3,7H2,(H,11,12)(H4,8,9,10)	Arginine					NCBITAXON:http://purl.bioontology.org/ontology/NCBITAXON/4530	Oryza sativa											CHEBI:29016	RM0135963	same	2026-06-18 14:34:12	same	2026-06-18 14:34:12	1.62528064	1.673277434	1.66539646	1.624714538	0.978172813	0.944500565	0.908794516	1.014663379	0.435463123	0.474263143	0.44134776	0.445150757	0.853116658	0.972547414	0.863942282	0.954432045	1.011438473	0.942275176	1.000633109	1.029531219	1.955068135	2.059694002	0.399034419	1.81481692	1.830013388	1.80548417	1.510824257	1.882249076	0.916989209	0.999366891	0.957106484	1.124147909	0.833352292	0.853898961	0.880861614	0.93708246	1.141015568	1.119266542	1.019838064	1.200069974	1.8398746	1.943817346	2.022050987	1.933389443	1.460335506	1.415852463	1.773141828	1.58130753	0.87612996	0.85375683	0.995641659	0.965388129	0.440546133	0.4203312	0.439518733	0.362332011	0.371954773	0.362638682	0.350608015	0.350608015	2.184285211	1.900601405	2.097735813	1.534787318	1.687339296	1.892846307	1.761539664	1.920886112	1.431196677	1.418860566	1.400835846	1.46065092	0.376131424	0.318853182	0.328496463	0.232843263	0.921747568	0.440050442	0.379014924	0.671472483
CHEBI:30746	C7H6O2	OC(=O)c1ccccc1	InChI=1S/C7H6O2/c8-7(9)6-4-2-1-3-5-6/h1-5H,(H,8,9)	Benzoate					NCBITAXON:http://purl.bioontology.org/ontology/NCBITAXON/4530	Oryza sativa											CHEBI:16150	RM0134993	same	2026-06-18 14:34:12	same	2026-06-18 14:34:12	1.974920128	1.525559105	1.590297629	1.225554265	1.082227199	0.989847716	0.94824751	1.011157018	0.979672524	0.705965932	0.696385783	0.943404838	0.807072321	0.70823995	0.78115016	0.686861022	0.625941889	0.647748649	0.495983126	0.732028754	1.555942653	1.351948557	1.688338658	1.543419975	1.171309578	1.265175719	1.042726005	1.15321868	0.943404838	1.066965752	1.291198331	1.050939855	0.744895124	0.771709988	0.732273389	0.994795424	0.671391793	0.542132588	0.604589307	0.653998379	1.200814448	1.171309578	1.126674932	1.06566336	0.906454885	0.928543039	1.325538713	1.003194888	0.945038663	0.831156131	1.033041012	0.917708138	0.754732726	0.710613019	0.876194148	0.854818337	0.895760813	0.652015599	0.842973517	0.865118181	2.086261981	1.908160059	1.825431641	1.933310373	1.493688148	1.83049057	1.616560423	1.762121782	1.077212421	1.472693196	1.216197624	1.291433706	1.539845526	0.92543193	0.959178186	1.109523731	1.118423289	1.222932197	0.996805112	0.972707818
CHEBI:17242	C6H6O6	OCC(O)C1OC(=O)C(=O)C1=O	InChI=1S/C6H6O6/c7-1-2(8)5-3(9)4(10)6(11)12-5/h2,5,7-8H,1H2	Dehydroascorbate					NCBITAXON:http://purl.bioontology.org/ontology/NCBITAXON/4530	Oryza sativa												RM0031407	not found	2026-06-18 14:34:12	same	2026-06-18 14:34:12	8.470159637	8.873107082	9.016543082	8.538683598	1.308337607	1.178720983	1.13888698	1.134655344	0.434062892	0.522237557	0.389743798	0.478227565	0.544431765	0.509583839	0.485548308	0.419698221	0.361768177	0.24982037	0.284382897	0.308528157	9.337507087	10.39417594	10.83783219	9.397137577	7.035120055	5.18985804	6.748082147	7.250770466	1.576247571	1.428295432	0.600604412	1.820899443	0.669808238	0.623295546	0.487869099	0.566796753	0.378368715	0.467812664	0.326735508	0.487833309	16.25774013	16.76090746	17.56821356	15.52292934	2.401117108	2.914172543	2.931402849	2.853717301	0.975144245	0.973599011	0.989084729	1.010915271	0.246713151	0.348057026	0.193826149	0.23529593	0.280892555	0.292069403	0.165757591	0.165757591	10.89601151	10.25765169	8.099098723	8.344917122	3.081321	2.742651586	2.797159353	2.554535742	3.640854995	3.971772859	4.42325492	3.951585745	0.307768394	0.40201676	0.34875913	0.253683571	0.408615764	0.333754727	0.250982325	0.279869518
CHEBI:28757	C6H12O6			Fructose					NCBITAXON:http://purl.bioontology.org/ontology/NCBITAXON/4530	Oryza sativa											CHEBI:28757	RM0136734	same	2026-06-18 14:34:12	same	2026-06-18 14:34:12	1.569129084	1.587090704	1.608633193	1.476130202	0.927435932	0.917666444	0.912255526	0.937901681	0.651419856	0.666328218	0.621598025	0.625168901	0.886439336	0.960379324	0.91001811	1.008116725	1.043453063	0.991883275	1.026094927	1.042822098	3.09408493	3.131008545	3.137266586	2.835850045	1.699602063	1.665120587	1.476898682	1.755337652	0.815552663	0.900463113	0.901158027	0.966359326	0.892615494	0.874062176	0.968142339	0.969404774	1.173099379	1.100775304	1.029950947	1.161113032	2.917897287	2.993414331	2.873343445	2.764853497	1.424964561	1.366011083	1.642228727	1.515061163	0.77870331	0.74686056	0.926193325	0.860197466	0.614065578	0.648375906	0.66922022	0.566792937	0.564486473	0.515525475	0.003477586	0.002843162	3.887001807	3.463601671	3.245658839	3.219298626	1.832443709	2.033462988	1.733976317	1.975192645	1.259187143	1.254842231	1.341956915	1.290012152	0.642713868	0.51949756	0.53574886	0.121468806	0.842923895	0.259936163	0.228617323	0.628882879
CHEBI:18012	C4H4O4	OC(=O)C=CC(O)=O	InChI=1S/C4H4O4/c5-3(6)1-2-4(7)8/h1-2H,(H,5,6)(H,7,8)/b2-1+	Fumarate					NCBITAXON:http://purl.bioontology.org/ontology/NCBITAXON/4530	Oryza sativa												RM0135891	not found	2026-06-18 14:34:12	same	2026-06-18 14:34:12	4.747074856	3.786371286	4.65713349	4.117038738	2.471698144	2.477856414	2.225817177	2.226306228	1.019538749	0.980461251	0.841881096	0.96431083	0.284560257	0.279251297	0.254540713	0.670215626	0.240960602	0.208504975	0.210164129	0.189257978	8.113491128	8.129080732	8.068579047	7.179299007	3.459367102	3.540429921	3.013075154	3.626359368	1.04982409	0.678086386	1.203509798	1.19060939	0.170264833	0.170904684	0.152123742	0.164572867	0.11655229	0.098208468	0.113093177	0.111260633	4.584900786	4.859042681	4.58019149	4.37883385	1.632657249	1.58781414	2.050115019	1.657719848	0.552182403	0.509259332	0.635905064	0.589222065	0.106482569	0.108298044	0.112717702	0.097563517	0.090934901	0.076520405	0.096956635	0.093994472	11.37803242	10.55113779	9.774281488	9.361188653	4.27777352	4.664018012	4.25698869	4.975918693	2.446372138	2.506177927	2.537337061	2.465924235	0.165015613	0.130908572	0.111011706	0.05531952	0.094871438	0.047184736	0.043322172	0.070397024
CHEBI:28260	C6H12O6	C(C1C(C(C(C(O1)O)O)O)O)O	InChI=1S/C6H12O6/c7-1-2-3(8)4(9)5(10)6(11)12-2/h2-11H,1H2/t2?,3-,4-,5?,6?/m0/s1	Galactose					NCBITAXON:http://purl.bioontology.org/ontology/NCBITAXON/4530	Oryza sativa											CHEBI:28260	RM0034731	same	2026-06-18 14:34:12	same	2026-06-18 14:34:12	4.210604179	5.704706149	5.971138389	5.071294549	0.921637745	0.959518636	0.68129277	0.353791706	0.23742292	0.372608062	0.23619366	0.273079843	0.297009248	0.390707447	0.310007837	0.503153958	0.534115423	0.520589437	0.60995881	0.758840181	36.20814257	41.55132876	53.33797225	37.56550051	23.65097554	14.21821442	21.4152216	15.53352086	4.591915825	3.467467024	3.179517787	4.130520488	0.586719592	0.514859909	0.54598666	0.484075682	0.898093422	1.040481364	0.854686527	1.147589547	11.59577707	9.931136133	11.72849238	11.2987794	11.0886804	9.18058595	16.59628958	9.290869315	1.327839076	0.627267601	1.951191505	0.886307282	0.238967578	0.26253496	0.277098369	0.240396016	0.178998528	0.167413598	0.036353491	0.021638983	59.20775055	52.58134263	49.70172999	54.3207557	14.28012005	23.58224269	17.15798233	26.43881481	2.806070819	2.714179769	11.20964749	2.81654354	0.276773746	0.219868873	0.213373226	0.111086061	0.71596028	0.168138332	0.129966751	0.450552204
CHEBI:17505	C12H22O11	C(C1C(C(C(C(O1)OC2C(C(C(C(C2O)O)O)O)O)O)O)O)O	InChI=1S/C12H22O11/c13-1-2-3(14)4(15)10(21)12(22-2)23-11-8(19)6(17)5(16)7(18)9(11)20/h2-21H,1H2/t2-,3+,4+,5?,6-,7+,8+,9+,10-,11?,12-/m1/s1	Galactinol					NCBITAXON:http://purl.bioontology.org/ontology/NCBITAXON/4530	Oryza sativa												RM0155869	not found	2026-06-18 14:34:12	same	2026-06-18 14:34:12	10.11172022	11.12454179	10.90599134	10.3065	11.16170477	10.81053065	9.935121707	10.33623703	3.186703953	3.330481412	3.016766824	3.100833274	0.29780702	0.284170636	0.276898238	0.243363098	0.09648291	0.214903538	0.15449151	0.150878522	2.92829047	3.338056964	3.113574057	3.752787428	2.267284871	1.844108426	1.79028718	2.302111814	1.04031401	1.098053278	1.092746229	1.171978786	0.159270225	0.189545882	0.114230377	0.187303348	0.103777296	0.097386689	0.088300849	0.118176468	3.168154959	2.608640009	2.695408267	2.168035571	0.963564493	0.932480497	1.037693454	1.078493258	0.821213856	0.741730672	0.943832371	0.878248759	0.3453379	0.343770079	0.287113189	0.275998545	0.421496068	0.358372069	0.042320119	0.42976811	1.609393464	1.571065371	1.770570253	1.720673764	0.889199455	1.036435507	0.941674776	1.112419678	2.413917678	2.395816621	2.524042965	2.514183833	0.166201733	0.15876218	0.140347556	0.09375773	0.761482153	0.448955944	0.328272546	0.518310343
CHEBI:17234	C6H12O6			Glucose					NCBITAXON:http://purl.bioontology.org/ontology/NCBITAXON/4530	Oryza sativa											CHEBI:17234	RM0135901	same	2026-06-18 14:34:12	same	2026-06-18 14:34:12	1.413330958	1.416024243	1.44226638	1.330790536	0.945423038	0.937148852	0.970464538	0.974982846	0.531141484	0.541978457	0.527699684	0.520161824	0.891305762	0.955522026	0.908557312	0.997204926	1.029336948	0.944669093	1.004896896	0.995272124	2.020584878	2.158017981	1.928777162	1.9073212	1.545988489	1.546017591	1.323757704	1.562665832	0.903268432	0.972856565	0.947474102	1.044484397	0.871004801	0.900309546	0.94713183	0.959578635	1.073727478	1.079152275	1.002795074	1.088049105	1.917750149	1.996176967	1.962546669	1.853075513	1.270183197	1.239336044	1.495767054	1.354102074	0.884588236	0.915634829	1.010671546	0.947812866	0.491840501	0.528344955	0.531960244	0.459654166	0.435857474	0.419058006	0.011289215	0.008473935	2.305159633	2.131695734	2.151890185	1.872894926	1.532254714	1.707416151	1.578327002	1.719366502	1.248158118	1.24881411	1.253259484	1.281733565	0.490931722	0.40261235	0.449669329	0.293727519	0.992376548	0.556740752	0.4457018	0.737813006
CHEBI:15428	C2H5NO2	C(C(=O)O)N	InChI=1S/C2H5NO2/c3-1-2(4)5/h1,3H2,(H,4,5)	Glycine					NCBITAXON:http://purl.bioontology.org/ontology/NCBITAXON/4530	Oryza sativa											CHEBI:15428	RM0135888	same	2026-06-18 14:34:12	same	2026-06-18 14:34:12	4.704180507	4.736887673	4.864358413	4.451463094	1.391912338	1.68826426	1.201376347	2.086229227	0.531773272	0.557105328	0.549737006	0.598765944	0.177716524	0.189037981	0.19957745	0.17158291	0.206556348	0.216447397	0.228470509	0.202613049	9.422340784	9.056942617	9.228925033	8.820223051	6.381034375	5.830448242	5.584926223	6.763227062	2.364037276	2.241974315	2.16406686	2.246601936	0.36576958	0.345389556	0.32796407	0.222568392	0.275849015	0.250120968	0.20652749	0.230484506	9.597154884	9.478881505	9.200919445	8.652630639	3.517178902	5.18579319	4.063314719	3.810412466	0.621547984	0.60587771	0.798623653	0.642190198	0.098349942	0.103258646	0.188399154	0.075895688	0.067968499	0.062548074	0.077334469	0.061976242	11.76058722	10.6698313	9.928551444	9.375636467	5.274135613	5.760089706	5.247170899	5.869009972	3.431601733	3.375225671	3.425734053	3.518834937	0.164913109	0.159962747	0.161995244	0.174230345	0.104581585	0.114198546	0.10005078	0.113886291
CHEBI:33508	C3H6O4	OCC(O)C(O)=O	InChI=1S/C3H6O4/c4-1-2(5)3(6)7/h2,4-5H,1H2,(H,6,7)	Glycerate					NCBITAXON:http://purl.bioontology.org/ontology/NCBITAXON/4530	Oryza sativa											CHEBI:33871	RM0135902	same	2026-06-18 14:34:12	same	2026-06-18 14:34:12	4.049084716	4.37883476	4.537628488	3.990271322	1.592309972	1.507229735	1.349010257	1.383501544	0.443144798	0.467466943	0.454286421	0.458581378	0.057041199	0.030025104	0.04642343	0.015518689	0.022367084	0.010071839	0.008788902	0.015518689	3.016223222	2.928682167	3.11149723	2.874120203	3.040396296	2.806627934	2.813521393	3.223429905	1.633157316	1.323036762	2.757537992	1.725135864	0.047064195	0.059787246	0.073576102	0.059794233	0.024692629	0.038133532	0.038223373	0.039461565	3.932830792	4.060899682	3.862515155	3.758806434	2.120642394	2.048945518	2.831335358	2.159794811	0.591426167	0.55717413	0.676963238	0.644076326	0.052758397	0.028738314	0.040771598	0.04330797	0.037745845	0.048178938	0.05556982	0.020021479	4.002141786	3.697820076	3.262319772	3.340631233	2.159999699	2.397331593	2.054448932	2.496429696	1.346736841	1.691007907	1.416565111	1.381235205	0.16843022	0.08202975	0.071276709	0.068438665	0.030266947	0.025089004	0.037292975	0.028873872
CHEBI:17754	C3H8O3	C(C(CO)O)O	InChI=1S/C3H8O3/c4-1-3(6)2-5/h3-6H,1-2H2	Glycerol					NCBITAXON:http://purl.bioontology.org/ontology/NCBITAXON/4530	Oryza sativa											CHEBI:17754	RM0135887	same	2026-06-18 14:34:12	same	2026-06-18 14:34:12	1.980111018	1.976384837	2.101881124	1.925349688	1.23825626	1.376450306	1.109022864	1.191307674	0.596330083	0.58789179	0.661715584	0.6309922	0.224373121	0.231280889	0.227790181	0.462497147	0.235204834	0.534582962	0.238016119	0.246532122	4.228175233	3.984833893	4.191530046	3.963123863	3.016092116	2.875040048	2.675290618	3.12671405	1.563409931	1.652321366	1.676262952	1.78365766	0.297155491	0.44858195	0.323212812	0.366202577	0.217786439	0.311247171	0.326893929	0.270144528	2.642804388	2.586419941	2.449380788	2.369193711	1.632530821	1.639946648	1.928671762	1.886146589	0.598880459	0.57678333	0.890977136	0.640036036	0.245347837	0.182173171	0.181520367	0.170654439	0.168448525	0.187739575	0.192126835	0.185036363	4.310665957	3.841107333	3.565994044	3.471640033	2.724323512	3.078977584	2.742105145	3.205840754	2.305456725	2.293356079	2.511539527	2.346378418	0.27670575	0.427452977	0.295641659	0.19791582	0.206228538	0.181722375	0.143033474	0.177042442
CHEBI:17497	C2H4O3	OCC(O)=O	InChI=1S/C2H4O3/c3-1-2(4)5/h3H,1H2,(H,4,5)	Glycolate					NCBITAXON:http://purl.bioontology.org/ontology/NCBITAXON/4530	Oryza sativa											CHEBI:29805	RM0136958	same	2026-06-18 14:34:12	same	2026-06-18 14:34:12	1.315809622	1.161673891	1.253825035	0.991013078	0.787010053	0.728289945	0.798263855	0.731083453	0.743259809	0.63711426	0.692541087	0.596434599	0.540552588	0.542981648	0.492801541	0.570631724	0.496712885	0.490278101	0.4990758	0.494867176	1.266517605	1.34363653	1.198806143	1.168203453	0.870969361	1.003308526	0.973453101	1.02536185	0.60556836	0.632790383	0.793075484	0.721611465	0.570793881	0.642897445	0.916867023	0.554802327	0.519560255	0.557905936	0.554639768	0.53821028	1.12998349	1.087243775	0.996261583	1.030629128	0.805415919	0.715842137	1.000875597	0.886255864	1.500187165	1.989794121	1.630376354	1.421643049	1.563100069	1.311693721	1.221719285	1.266831422	0.999124403	1.143331976	0.423616047	0.343619884	2.70401484	2.647592845	2.943721281	2.56566511	2.493516777	2.592514962	2.350796349	2.525484941	1.868956493	2.032035759	1.353675836	2.244764503	0.91455314	0.785858163	1.17839083	1.448454432	1.801780126	1.695834975	1.600489838	2.456421644
CHEBI:27570	C6H9N3O2	NC(Cc1c[nH]cn1)C(O)=O	InChI=1S/C6H9N3O2/c7-5(6(10)11)1-4-2-8-3-9-4/h2-3,5H,1,7H2,(H,8,9)(H,10,11)	Histidine					NCBITAXON:http://purl.bioontology.org/ontology/NCBITAXON/4530	Oryza sativa											CHEBI:27570	RM0129894	same	2026-06-18 14:34:12	same	2026-06-18 14:34:12	22.20196305	16.90999945	23.55031885	26.24454111	1.969607199	3.549443264	0.89642566	1.10357434	0.18527703	0.333723554	0.469670792	0.318534411	0.738872059	0.622498259	0.360312306	0.360929279	0.73093854	0.20463903	0.525625164	0.671328459	42.60779207	44.47430425	70.16465183	49.31128259	28.98237557	16.10053071	21.42756358	31.01687995	5.330295256	3.384414734	9.677143569	3.663023362	0.030222742	0.062875452	0.146135415	0.00776192	0.5723474	1.173020157	0.222839752	0.174778357	42.73302924	44.02600613	65.47245149	56.63423633	5.802237508	7.29687327	7.2441834	6.64850241	0.15576336	0.32607318	0.270083134	0.22646543	0.031124913	0.055141973	0.056895256	0.091771166	0.031124913	0.044821283	0.050176582	0.011403769	54.16283682	48.83655839	44.92977325	46.75744989	14.57802161	17.61179643	17.58233056	15.60724255	5.388454851	6.391902676	7.154113363	6.867682113	0.066976567	0.086436138	0.050029801	0.049612272	0.125429324	0.10439577	0.022383211	0.045399909
CHEBI:30653	C4H9NO3	C(CO)C(C(=O)O)N	InChI=1S/C4H9NO3/c5-3(1-2-6)4(7)8/h3,6H,1-2,5H2,(H,7,8)	Homoserine					NCBITAXON:http://purl.bioontology.org/ontology/NCBITAXON/4530	Oryza sativa											CHEBI:30653	RM0135982	same	2026-06-18 14:34:12	same	2026-06-18 14:34:12	2.801288838	3.035047653	4.259269578	3.121200497	2.841422182	2.843948059	2.481012658	2.664047861	1.014959724	1.097131226	0.954235638	1.147065593	0.036451977	0.035907917	0.106411732	0.009021864	0.021277982	0.042158244	0.013138637	0.013532796	2.56601766	2.921801709	2.877974684	2.588685661	2.126582278	2.609400726	2.177107138	2.053913767	1.705561949	1.897120979	2.458808588	1.896343303	0.026150331	0.108806403	0.009446978	0.092158828	0.013138637	0.008674869	0.008888536	0.062838855	4.744659158	5.321058688	4.937338623	5.054833967	4.575068581	4.269197945	4.928433269	4.654356614	0.932695141	0.897970597	0.985040276	1.211760193	0.035907917	0.079881089	0.004444268	0.02098108	0.013465469	0.225546605	0.230891312	0.359164262	3.742916999	3.490426154	3.174013368	3.497007	3.454713857	3.763960553	3.313717898	3.750265123	0.773302647	0.768198339	0.971253324	0.718929804	0.023252227	0.039415912	0.008932539	0.013951336	0.014396592	0.009546946	0.046158375	0.038300367
CHEBI:17306	C12H22O11	C(C1C(C(C(C(O1)OC2C(OC(C(C2O)O)O)CO)O)O)O)O	InChI=1S/C12H22O11/c13-1-3-5(15)6(16)9(19)12(22-3)23-10-4(2-14)21-11(20)8(18)7(10)17/h3-20H,1-2H2/t3-,4-,5-,6+,7-,8-,9-,10-,11?,12-/m1/s1	Maltose					NCBITAXON:http://purl.bioontology.org/ontology/NCBITAXON/4530	Oryza sativa											CHEBI:17306	RM0139031	same	2026-06-18 14:34:12	same	2026-06-18 14:34:12	3.434620581	3.776818821	3.785582491	3.574508637	1.896130471	1.865470763	1.619837909	1.775164565	0.994017535	1.071768075	0.9673201	1.005982465	0.568347156	0.931103082	0.905203559	1.049350043	1.019435776	0.033379845	0.459410502	0.298505894	4.550429459	4.664401911	4.56580081	4.371692701	4.494426034	3.810347155	3.662668567	4.567184442	1.484246715	1.56243999	1.52402706	1.592610792	2.289950767	1.333579381	1.011530571	1.400152363	0.815616792	0.671450221	0.499784471	0.593286282	1.456844758	1.230957708	1.285705377	1.169033388	0.716121763	0.725736783	0.723649235	0.858737161	0.156919706	0.161643954	0.146321523	0.132485458	0.025839129	0.026290848	0.020772692	0.023980052	0.02089988	0.022795724	0.019909365	0.019909365	2.684919909	2.659466467	2.449716592	2.302402626	1.397086131	1.435292296	1.335233892	1.359341927	0.495769663	0.490609494	0.426541921	0.528605227	0.009092003	0.012576892	0.023258759	0.029345649	0.064517049	0.062156988	0.047058878	0.055479498
CHEBI:17268	C6H12O6	O[C@H]1[C@H](O)[C@@H](O)[C@H](O)[C@H](O)[C@@H]1O	InChI=1S/C6H12O6/c7-1-2(8)4(10)6(12)5(11)3(1)9/h1-12H/t1-,2-,3-,4+,5-,6-	Myo-Inositol					NCBITAXON:http://purl.bioontology.org/ontology/NCBITAXON/4530	Oryza sativa												RM0136735	not found	2026-06-18 14:34:12	same	2026-06-18 14:34:12	3.718096415	3.873970168	3.828620176	3.702846033	1.260328104	1.232100376	1.16396646	1.202467718	0.507437983	0.533900148	0.488419326	0.495610347	0.159395598	0.143925949	0.160930912	0.154591359	0.098390138	0.100413901	0.103376464	0.118861727	4.951862355	5.066359285	4.726175929	4.558341874	3.355371392	2.966328161	2.787567679	3.456662867	1.243757115	1.31138124	1.313527097	1.394334559	0.194211002	0.270508319	0.204065379	0.197108814	0.226055259	0.251242901	0.206985855	0.246022598	4.652340957	4.909665222	4.815191318	4.580597412	3.045155886	3.017336999	3.390369192	3.3608772	0.74453113	0.69647902	0.83603354	0.78126636	0.08430555	0.093590911	0.091422089	0.076528902	0.10030743	0.085127466	0.077979687	0.075581942	5.113205915	4.727533532	4.69181941	4.017811577	3.9502829	4.379706721	3.982173594	4.443231434	2.388334509	2.395862952	2.544612152	2.526012767	0.129230315	0.116780587	0.113158537	0.100501994	0.162394646	0.117114788	0.107289778	0.123270403
CHEBI:28842	C18H36O2	C(CCCCCCCCCC)CCCCCCC(=O)O	InChI=1S/C18H36O2/c1-2-3-4-5-6-7-8-9-10-11-12-13-14-15-16-17-18(19)20/h2-17H2,1H3,(H,19,20)	Octadecanoate					NCBITAXON:http://purl.bioontology.org/ontology/NCBITAXON/4530	Oryza sativa											CHEBI:25629	RM0153574	same	2026-06-18 14:34:12	same	2026-06-18 14:34:12	1.044560919	0.976037803	1.19298052	1.023522843	0.646909377	0.653511506	1.034938118	0.602321509	0.666919489	0.567958161	0.881049528	0.662696197	0.773688502	0.525840764	0.645095417	0.780855301	0.860430738	0.519623355	0.932142437	0.570004824	0.802213278	0.992752107	1.108980667	1.371808442	1.054908898	1.203988779	0.861514669	0.841007199	1.803178977	1.372545475	1.280014563	1.691440412	0.991454373	1.007247893	0.880243893	1.154534149	0.674773396	0.692169299	0.680332363	1.132798279	1.23461021	1.564579316	1.590650077	1.119364186	1.014190026	0.968795947	1.08576308	0.918987412	1.090285063	1.261116064	1.095213831	0.952858471	1.027613919	0.917821919	0.870896033	1.158203165	1.228987674	1.211632922	0.864740195	0.770484903	1.190290003	1.380578931	1.554128581	1.693074018	1.515992464	1.369783311	1.578795435	1.10975196	0.875870748	0.655800791	0.834983491	1.313573768	1.201798938	0.697545219	1.670183423	0.782084471	1.036638626	0.846468222	0.855697589	0.449768867
CHEBI:18257	C5H12N2O2	C(CC(C(=O)O)N)CN	InChI=1S/C5H12N2O2/c6-3-1-2-4(7)5(8)9/h4H,1-3,6-7H2,(H,8,9)/t4-/m0/s1	Ornithine					NCBITAXON:http://purl.bioontology.org/ontology/NCBITAXON/4530	Oryza sativa											CHEBI:18257	RM0135912	same	2026-06-18 14:34:12	same	2026-06-18 14:34:12	4.494123827	8.080816444	5.311614496	4.744309349	1.98562172	2.178366192	1.827552935	1.474275948	0.867287054	0.639583875	0.871835763	0.718716545	1.132035444	0.919009349	0.877972909	1.40793353	1.386681703	1.073713795	1.257571697	1.284035379	2.818697077	3.413345451	3.193193246	2.411174608	2.22396031	2.345111849	2.511806297	2.809875853	1.179982387	1.763206477	1.027134928	1.722326454	0.5441289	0.667884046	0.365620435	0.272503264	0.995121951	0.861005505	0.388395457	0.762105314	3.76421607	3.143427105	2.925139513	2.991016685	0.742000988	0.8676643	1.192250096	1.426705977	0.152356092	0.310534872	0.333306713	0.088340927	0.420278666	0.134926963	0.01664552	0.062865869	0.128885457	0.104904851	0.459079748	0.192172918	2.841859679	1.871089806	2.562001325	2.454196061	1.181290571	0.635840949	1.254462102	1.004878049	0.843372991	1.126346824	0.743712257	0.827160949	0.116118229	0.158563388	0.105943513	0.145147787	0.185727402	0.315853871	0.351001103	0.329403316
CHEBI:16010	C5H7NO3	OC(=O)C1CCC(=O)N1	InChI=1S/C5H7NO3/c7-4-2-1-3(6-4)5(8)9/h3H,1-2H2,(H,6,7)(H,8,9)	5-Oxoproline (Pyroglutamate)					NCBITAXON:http://purl.bioontology.org/ontology/NCBITAXON/4530	Oryza sativa													failed	2026-06-18 14:34:12	not found	2026-06-18 14:34:12	4.126554107	3.502039031	3.980682979	3.565361963	1.395054645	1.647132842	1.224833602	1.231252267	0.828151832	0.819555734	0.762906023	0.780905018	0.363917229	0.398701633	0.351635469	0.353752524	0.455154237	0.30923254	0.359761216	0.432484785	3.12205199	3.248226077	3.3611985	3.025237327	1.931809803	1.713215462	1.719696168	1.977769639	2.296490082	2.271334509	2.322242337	2.458681745	0.436707914	0.351180971	0.318102153	0.378000766	0.29718013	0.363527613	0.258625596	0.348288096	5.42379015	5.675068038	5.346814853	5.180026791	3.137841698	3.043977452	3.610906422	3.256897426	0.598975148	0.542405558	0.804680103	0.636660264	0.190075983	0.214412382	0.199680941	0.184996037	0.254596562	0.206338803	0.246827556	0.221682528	4.417903171	4.184433117	3.894762085	3.75800063	4.514763451	5.072868071	4.630318276	5.38429794	1.246324165	1.171848168	1.217604127	1.19315632	0.255681887	0.193785293	0.16621574	0.168750328	0.303828185	0.253868817	0.217289832	0.219703711
CHEBI:26078	H3O4P	[H]OP(=O)(O[H])O[H]	InChI=1S/H3O4P/c1-5(2,3)4/h(H3,1,2,3,4)	Phosphate					NCBITAXON:http://purl.bioontology.org/ontology/NCBITAXON/4530	Oryza sativa											CHEBI:26020	RM0032341	same	2026-06-18 14:34:12	same	2026-06-18 14:34:12	2.012421421	1.907265822	2.219356767	1.992716341	1.709241509	1.637547695	1.592882465	1.578604327	0.752419397	0.76039081	0.689943707	0.723095271	0.108000032	0.076882095	0.112563187	0.063179892	0.0201398	0.012526944	0.015412354	0.016504341	1.778505943	1.8965476	1.847316453	1.742029683	2.022798525	1.956544504	1.744787812	2.108023662	1.340782788	0.645885582	1.393034463	1.416703116	0.057615125	0.170833766	0.129720725	0.125860062	0.043987558	0.042474881	0.019441943	0.037628011	1.832102808	2.051700909	1.973811084	1.879811185	1.612427645	1.581408565	1.934187063	1.46879174	0.990788188	0.937402481	1.077323367	0.982771977	0.059554945	0.085135193	0.05971257	0.067976429	0.070661807	0.060388291	0.066647151	0.075108344	1.468234951	1.464413227	1.433422696	1.318718071	1.135528769	1.209916315	1.115949208	1.257789451	1.062646106	1.009211812	1.041410041	1.075189251	0.109375809	0.11368139	0.099741188	0.105968814	0.047127446	0.046878094	0.049130241	0.044994462
CHEBI:17148	C4H12N2	C(CCN)CN	InChI=1S/C4H12N2/c5-3-1-2-4-6/h1-6H2	Putrescine					NCBITAXON:http://purl.bioontology.org/ontology/NCBITAXON/4530	Oryza sativa											CHEBI:17148	RM0139715	same	2026-06-18 14:34:12	same	2026-06-18 14:34:12	5.682509458	5.780147078	6.940493104	5.8819269	1.035764026	0.969437482	0.755255704	1.030562518	0.433511031	0.497510283	0.368957543	0.465870928	0.627247738	0.684920615	0.321453086	0.281196344	0.428315973	0.407887999	0.503355107	0.398361488	15.18731093	14.28284731	15.58589321	14.50433824	6.246815047	4.932952964	4.804871025	6.272697708	2.265192774	3.416404183	3.032331045	3.19075949	0.232066226	1.607340913	0.683974529	0.368503274	0.443635009	0.478799865	0.479049601	0.443012483	20.57371353	20.83566875	19.97636551	18.74642296	9.667512549	8.781779773	10.34231679	10.16933361	0.532054275	0.618675758	0.92058327	0.56285216	0.34100303	0.292912859	0.357844281	0.485009199	0.443012483	0.3245015	0.335947449	0.327618174	14.88898592	14.35753193	12.51785108	12.18947456	13.34539561	14.27399006	12.94924714	14.76051072	3.012817975	3.03353317	2.760948955	2.999305626	1.26224304	0.369695841	0.382816805	0.350287542	0.454949759	0.508335543	0.498633052	0.36199608
CHEBI:37455	C5H11O8P			Ribulose-5-Phosphate					NCBITAXON:http://purl.bioontology.org/ontology/NCBITAXON/4530	Oryza sativa												RM0020730	not found	2026-06-18 14:34:12	same	2026-06-18 14:34:12	2.404243659	2.630783335	2.746168569	2.317805744	2.757350231	2.663427009	2.765474857	2.509880552	1.066928797	1.476235205	1.061026398	0.86300829	0.863640994	0.574438594	0.539647864	0.650388102	0.627361854	0.57369107	0.830101538	0.789235001	2.798236881	2.247962071	3.463864724	2.842303603	2.736670873	2.248532765	1.818355722	2.674318757	1.809533511	1.686924932	1.968922473	1.362217908	0.649576132	0.257055881	0.52034109	0.660053166	0.269605628	0.6605065	0.259190476	0.392654229	1.257081271	1.081245985	1.30884743	1.566441965	1.011306917	1.055949717	1.298288466	0.899413106	0.811970165	0.97664075	1.208012756	1.483039625	0.210869864	0.388223235	0.352787037	0.421469165	0.312669108	0.659128722	0.200876031	0.304777427	1.311644113	1.589331766	1.537274085	1.126329257	1.233402485	1.084373059	0.70652949	0.988693083	1.180756615	0.78865617	0.769234893	1.058098621	0.045202463	0.510831716	0.665654749	0.346552215	0.513096041	0.726906624	0.360288157	0.179246244
CHEBI:15963	C5H12O5	OC[C@H](O)[C@H](O)[C@H](O)CO	InChI=1S/C5H12O5/c6-1-3(8)5(10)4(9)2-7/h3-10H,1-2H2/t3-,4+,5-	Ribitol					NCBITAXON:http://purl.bioontology.org/ontology/NCBITAXON/4530	Oryza sativa											CHEBI:15963	RM0155896	same	2026-06-18 14:34:12	same	2026-06-18 14:34:12	3.254435909	3.634137318	3.737989092	3.298283507	1.461901963	1.318414212	1.226672304	1.346097308	0.325028691	0.352034493	0.336531761	0.335268926	0.180919554	0.184551748	0.11402997	0.148555411	0.278966396	0.116918686	0.440776116	0.368593224	9.295095844	9.310930019	10.06875172	8.736017576	6.919549941	5.773623735	5.484066379	6.628492682	1.943635538	2.109334031	1.664520179	2.273622342	0.089108617	0.111914599	0.059902637	0.058677355	0.096129612	0.097402854	0.085356465	0.235981335	5.095691527	5.192030445	4.897810975	4.879848201	4.548405987	4.471307152	4.75309985	4.7838133	0.664153053	0.581635961	0.773327696	0.738761111	0.230593474	0.259715586	0.162953252	0.182543057	0.212680583	0.180183115	0.165273571	0.16310725	9.372311509	8.562963099	7.606117194	7.962492602	4.757306403	5.660928081	5.017630952	6.043597443	2.892177735	2.713423021	3.29608711	2.840133328	0.043969429	0.069912445	0.053054882	0.034327329	0.127627109	0.073373099	0.049160046	0.07334063
CHEBI:26986	C4H9NO3			Threonine					NCBITAXON:http://purl.bioontology.org/ontology/NCBITAXON/4530	Oryza sativa											CHEBI:26986	RM0135900	same	2026-06-18 14:34:12	same	2026-06-18 14:34:12	4.583207948	4.766325012	4.955306175	4.614359898	1.553258521	1.658891684	1.277022054	1.365304834	0.622071974	0.671217775	0.603081716	0.650181317	0.206242169	0.196597176	0.202144927	0.162871235	0.289932842	0.165084802	0.242688795	0.271560693	8.065340334	7.800223676	8.20548376	7.784717751	5.940125149	5.187996489	5.064616158	6.139850124	4.441159742	4.537395392	4.852106939	4.704903564	0.167046209	0.215687156	0.173787786	0.145693741	0.182728525	0.167731613	0.141841104	0.155737392	6.740163168	6.607981846	6.324510889	6.05427797	2.152752046	2.194325884	2.489189337	2.352201491	0.628430672	0.576426178	0.722977946	0.637592421	0.085692047	0.095819589	0.100982517	0.072987656	0.137334275	0.118779746	0.153067428	0.139320706	8.910922759	8.237482151	7.507476245	7.319865675	3.639807139	3.97665941	3.617395725	4.07405741	2.683421761	2.837474582	2.746883713	2.773166578	0.156652993	0.161528852	0.157225165	0.151361229	0.174220718	0.145019291	0.143322594	0.156957281
CHEBI:26984	C4H8O5			Threonate					NCBITAXON:http://purl.bioontology.org/ontology/NCBITAXON/4530	Oryza sativa											CHEBI:15243	RM0049431	same	2026-06-18 14:34:12	same	2026-06-18 14:34:12	5.875491378	5.736142919	6.892658813	6.124438382	1.374317495	1.192830994	1.119794522	1.200192759	0.52796354	0.48485997	0.523785544	0.492172625	0.213802684	0.228096335	0.204803732	0.880205478	0.143169401	0.042549411	0.10546398	0.104634227	4.640687895	4.828897734	4.978512474	4.422340359	4.159124927	3.380080789	3.338185445	4.301270544	1.363934338	1.311566926	1.595813699	1.67191427	0.27704899	0.364447726	0.238365809	0.299740171	0.146563913	0.175107191	0.069249892	0.167694518	5.168185031	5.248012033	5.13892301	4.962090645	1.832168361	1.656323233	2.000235255	1.674475311	0.464577972	0.450127978	0.511027107	0.470626928	0.094576529	0.13062638	0.108596422	0.069099827	0.097755572	0.108064087	0.099179362	0.147633401	5.659955931	5.331007563	4.791579619	4.933834634	1.525777811	1.752921747	1.556586012	1.930275172	1.262236674	1.190984394	1.277975286	1.169813315	0.163864099	0.125626211	0.130486338	0.090578145	0.146151429	0.079450845	0.090647084	0.126591892
CHEBI:16551	C12H22O11	C(C1C(C(C(C(O1)OC2C(C(C(C(O2)CO)O)O)O)O)O)O)O	InChI=1S/C12H22O11/c13-1-3-5(15)7(17)9(19)11(21-3)23-12-10(20)8(18)6(16)4(2-14)22-12/h3-20H,1-2H2/t3-,4-,5-,6-,7+,8+,9-,10-,11-,12-/m1/s1	Trehalose					NCBITAXON:http://purl.bioontology.org/ontology/NCBITAXON/4530	Oryza sativa												RM0155980	not found	2026-06-18 14:34:12	same	2026-06-18 14:34:12	0.996939505	1.025667698	0.951941584	0.862557244	0.855946912	0.959896283	0.883586279	0.83168517	0.940353672	0.865460809	0.863626447	0.907333021	0.903087042	0.892679275	0.946526672	1.053525339	1.260806139	1.096140193	1.052806154	1.205792673	1.683357463	2.136004241	1.222254006	1.629589288	0.827265991	1.001397783	0.826930834	0.975202665	0.795631115	0.891335051	0.868911058	1.039820879	0.952292115	1.026765332	1.302470687	0.993432622	1.332489004	1.315719558	0.89807521	1.157821399	2.875402606	1.797308853	1.522263855	0.964838921	0.956668725	1.036709575	1.4173821	1.308464964	0.970184868	0.963449538	1.079225176	1.072205725	1.02473848	1.038478651	0.943688511	0.837422485	1.053402493	0.88963824	0.752852453	0.998602217	1.852955223	2.719943002	4.519403651	2.21246362	1.587916431	1.367352695	1.393557195	1.609821577	1.316703948	1.230525419	0.822082141	1.239958513	0.981103957	0.939934147	0.979938289	0.974740039	1.015699296	0.909074961	0.77808512	0.813360696
CHEBI:17568	C4H4N2O2	C1=CNC(=O)NC1=O	InChI=1S/C4H4N2O2/c7-3-1-2-5-4(8)6-3/h1-2H,(H2,5,6,7,8)	Uracil					NCBITAXON:http://purl.bioontology.org/ontology/NCBITAXON/4530	Oryza sativa											CHEBI:17568	RM0135934	same	2026-06-18 14:34:12	same	2026-06-18 14:34:12	3.700232862	3.877850726	4.200447469	3.92398205	1.517077022	1.449329928	1.26855215	1.360689501	0.32125131	0.335228075	0.306727111	0.33768143	0.017498363	0.016115246	0.014298162	0.013223171	0.023595538	0.012070706	0.01035004	0.012300625	9.671340263	9.278021809	9.961865767	9.419146555	8.452181671	7.621761318	7.057170501	8.749364421	2.994323451	3.057433264	3.202729961	3.19079792	0.039120344	0.038220533	0.036816005	0.035821711	0.016420737	0.0124189	0.015653504	0.015299284	5.611867818	5.47984454	5.239392871	5.076018477	7.025541523	7.052848506	7.808497504	7.882177104	0.674355493	0.618384199	0.73144785	0.672313545	0.017645174	0.019006173	0.026560462	0.015924064	0.016931208	0.010351016	0.025261946	0.016225942	9.555692838	8.860146554	7.993493915	7.867603569	7.448778177	8.097911133	7.391256773	8.262522432	4.124445853	4.191244969	4.121690121	4.249908477	0.043855319	0.045878543	0.046888519	0.041424784	0.020937233	0.017029965	0.016686894	0.017986762
CHEBI:16199	CH4N2O	C(=O)(N)N	InChI=1S/CH4N2O/c2-1(3)4/h(H4,2,3,4)	Urea					NCBITAXON:http://purl.bioontology.org/ontology/NCBITAXON/4530	Oryza sativa											CHEBI:16199	RM0117395	same	2026-06-18 14:34:12	same	2026-06-18 14:34:12	0.987222194	1.797356574	1.200602194	0.682180925	0.839967121	1.005139093	0.624151368	0.603375741	0.691881663	0.678493418	3.159291735	0.770068717	0.544232259	0.640402831	0.784291422	1.085066653	1.059449885	0.371323015	0.522094444	0.57338402	1.237374803	1.095824393	1.269654484	1.636946453	1.082184691	1.974762129	43.94231538	1.353717337	10.17808576	1.396502673	224.1927197	1.121888974	0.674471129	1.191709472	1.633872302	1.143697822	0.452916304	2.0414878	0.797894558	0.905246521	0.524622976	11.02758844	0.962017089	0.650723524	0.79627323	0.994860907	52.58487396	2.338575908	0.383630398	0.376148526	1.154102028	0.430527769	0.357320633	0.446947809	5.627483932	0.867914033	2.547739783	1.070877713	0.339651888	25.19443738	1.324451618	0.759540591	0.962299258	1.283481696	1.503904408	1.080961	4.431869844	2.325254916	0.596449709	103.8208464	0.424674919	0.429736823	270.7254486	2.058801615	1.303093216	0.759856189	0.428169067	0.450217555	0.366473939	0.315155897
CHEBI:16958	C3H7NO2	C(CN)C(=O)O	InChI=1S/C3H7NO2/c4-2-1-3(5)6/h1-2,4H2,(H,5,6)	Beta-Alanine					NCBITAXON:http://purl.bioontology.org/ontology/NCBITAXON/4530	Oryza sativa												RM0021629	not found	2026-06-18 14:34:12	same	2026-06-18 14:34:12	3.344060959	3.66615134	3.866092682	3.473813233	1.408492616	1.161967688	1.259146171	1.224771575	0.60940105	0.523557394	0.554459185	0.528376401	0.211804427	0.285797671	0.200501402	0.321082274	0.342059154	0.216381976	0.306428826	0.312345341	16.91079407	16.05355931	16.94200446	16.033808	8.943097479	8.342650528	7.495098648	9.607140398	3.410524053	3.620315419	3.742621264	3.789538491	0.144560358	0.290865219	0.220710471	0.179670792	0.199337783	0.16066715	0.191523892	0.203209751	7.742144562	7.534489976	7.448126386	6.914299783	4.993715988	4.8931003	5.28398531	5.5244297	0.69325661	0.74202687	0.838032312	0.80945111	0.129315296	0.212735208	0.135573092	0.146292825	0.321658216	0.19486786	0.275358303	0.203930773	13.98469278	12.66497158	11.34782686	11.34097939	8.068876914	8.766290588	7.750404561	8.958568038	5.263679108	5.258379122	5.319496054	5.558418328	0.106959871	0.125116268	0.17408987	0.190275981	0.563485681	0.476139714	0.469356147	0.477028278
