database_identifier	chemical_formula	smiles	inchi	metabolite_identification	mass_to_charge	fragmentation	modifications	charge	retention_time	taxid	species	database	database_version	reliability	uri	search_engine	search_engine_score	smallmolecule_abundance_sub	smallmolecule_abundance_stdev_sub	smallmolecule_abundance_std_error_sub	assigned_chebi_identifier	assigned_refmet_identifier	chebi_identifier_search_status	chebi_identifier_search_time	refmet_identifier_search_status	refmet_identifier_search_time	split 1/30
CHEBI:30769	C6H8O7	OC(=O)CC(O)(CC(O)=O)C(O)=O	InChI=1S/C6H8O7/c7-3(8)1-6(13,5(11)12)2-4(9)10/h13H,1-2H2,(H,7,8)(H,9,10)(H,11,12)	Citric acid		117:1009 129:1677 131:1371 133:1903 143:1101 185:833 221:1197 275:1023 347:1450 363:1075 375:1204	Citric acid (4TMS)		1811.33	NCBITAXON:http://purl.bioontology.org/ontology/NCBITAXON/4530	Oryza sativa	Golm		MSI:2		tagfinder; manual supervised	948					RM0135884	not found	2026-06-18 20:17:03	first assignment	2026-06-18 20:17:03	split 1/30
CHEBI:88378	C6H10O7	C(O)C(O)C(O)C(O)C(=O)C(O)=O	InChI=1S/C6H10O7/c7-1-2(8)3(9)4(10)5(11)6(12)13/h2-4,7-10H,1H2,(H,12,13)	Gluconic acid, 2-oxo-		88:133 102:145 119:148 134:151 143:140 163:136 206:135 207:136 219:141 221:135	Gluconic acid, 2-oxo- (1MEOX) (5TMS) MP		1872.26	NCBITAXON:http://purl.bioontology.org/ontology/NCBITAXON/4530	Oryza sativa	Golm		MSI:2		tagfinder; manual supervised	944						failed	2026-06-18 20:17:03	not found	2026-06-18 20:17:03	split 1/30
CHEBI:19543	C6H10O7	OC[C@H](O)[C@@H](O)[C@H](O)C(=O)C(O)=O	InChI=1S/C6H10O7/c7-1-2(8)3(9)4(10)5(11)6(12)13/h2-4,7-10H,1H2,(H,12,13)/t2-,3+,4-/m0/s1	Gulonic acid, 2-oxo-		172:155 186:212 201:165	Gulonic acid, 2-oxo- (1MEOX) (5TMS) MP		1875.18	NCBITAXON:http://purl.bioontology.org/ontology/NCBITAXON/4530	Oryza sativa	Golm		MSI:2		tagfinder; manual supervised	983						failed	2026-06-18 20:17:03	not found	2026-06-18 20:17:03	split 1/30
CHEBI:6650	C4H6O5	OC(CC(O)=O)C(O)=O	InChI=1S/C4H6O5/c5-2(4(8)9)1-3(6)7/h2,5H,1H2,(H,6,7)(H,8,9)	Malic acid		85:386 87:349 89:258 99:400 102:441 115:485 116:511 118:340 119:448 129:440 131:1014 132:331 134:605 135:505 143:661 144:222 145:267 150:318 151:392 171:635 172:198 175:1153 176:367 177:555 189:1366 190:1093 191:1002 192:383 193:215 203:321 217:642 218:262 221:429 234:554 235:356 245:1249 246:417 247:356 263:477 264:237 265:541 306:263 307:487 308:283 319:254 335:424	Malic acid (3TMS)		1499.23	NCBITAXON:http://purl.bioontology.org/ontology/NCBITAXON/4530	Oryza sativa	Golm		MSI:2		tagfinder; manual supervised	938					RM0135894	not found	2026-06-18 20:17:03	first assignment	2026-06-18 20:17:03	split 1/30
CHEBI:16449	C3H7NO2	CC(N)C(O)=O	InChI=1S/C3H7NO2/c1-2(4)3(5)6/h2H,4H2,1H3,(H,5,6)	Alanine		86:301 100:561 117:1058 118:400 190:372	Alanine (2TMS)		1072.42	NCBITAXON:http://purl.bioontology.org/ontology/NCBITAXON/4530	Oryza sativa	Golm		MSI:2		tagfinder; manual supervised	997				CHEBI:16449	RM0135898	first assignment	2026-06-18 20:17:03	first assignment	2026-06-18 20:17:03	split 1/30
CHEBI:28718	C4H9NO3	C[C@H](O)[C@H](N)C(O)=O	InChI=1S/C4H9NO3/c1-2(6)3(5)4(7)8/h2-3,6H,5H2,1H3,(H,7,8)/t2-,3-/m0/s1	Threonine, allo-		100:203 101:289 117:325 128:180 129:176 218:239 219:238	Threonine, allo- (3TMS)		1387.9	NCBITAXON:http://purl.bioontology.org/ontology/NCBITAXON/4530	Oryza sativa	Golm		MSI:2		tagfinder; manual supervised	959						failed	2026-06-18 20:17:03	not found	2026-06-18 20:17:03	split 1/30
CHEBI:27266	C5H11NO2	CC(C)C(N)C(O)=O	InChI=1S/C5H11NO2/c1-3(2)4(6)5(7)8/h3-4H,6H2,1-2H3,(H,7,8)	Valine		100:486 144:2626 145:405 218:408	Valine (2TMS)		1200.59	NCBITAXON:http://purl.bioontology.org/ontology/NCBITAXON/4530	Oryza sativa	Golm		MSI:2		tagfinder; manual supervised	996				CHEBI:27266	RM0136018	first assignment	2026-06-18 20:17:03	first assignment	2026-06-18 20:17:03	split 1/30
CHEBI:138264	[13C]6H14O6	[13CH2]([13C@H]([13C@H]([13C@H]([13C@H]([13CH2]O)O)O)O)O)O	InChI=1S/C6H14O6/c7-1-3(9)5(11)6(12)4(10)2-8/h3-12H,1-2H2/t3-,4+,5-,6+/i1+1,2+1,3+1,4+1,5+1,6+1	Sorbitol, U-13C-		90:208 119:672 132:537 161:341 192:189 207:827 220:783 221:209 323:521	Sorbitol, U-13C- (6TMS)		1931.83	NCBITAXON:http://purl.bioontology.org/ontology/NCBITAXON/4530	Oryza sativa	Golm		MSI:2		tagfinder; manual supervised	986						failed	2026-06-18 20:17:03	not found	2026-06-18 20:17:03	split 1/30
CHEBI:28817	C12H26	CCCCCCCCCCCC	InChI=1S/C12H26/c1-3-5-7-9-11-12-10-8-6-4-2/h3-12H2,1-2H3	Dodecane, n-		86:123 98:177 99:176 112:131 113:131 127:120	Dodecane, n-		1192.96	NCBITAXON:http://purl.bioontology.org/ontology/NCBITAXON/4530	Oryza sativa	Golm		MSI:2		tagfinder; manual supervised	977						not found	2026-06-18 20:17:03	not found	2026-06-18 20:17:03	split 1/30
CHEBI:36020	C32H66	CCCCCCCCCCCCCCCCCCCCCCCCCCCCCCCC	InChI=1S/C32H66/c1-3-5-7-9-11-13-15-17-19-21-23-25-27-29-31-32-30-28-26-24-22-20-18-16-14-12-10-8-6-4-2/h3-32H2,1-2H3	Dotriacontane, n-		97:115 99:123 113:113	Dotriacontane, n-		3095.4	NCBITAXON:http://purl.bioontology.org/ontology/NCBITAXON/4530	Oryza sativa	Golm		MSI:2		tagfinder; manual supervised	987						failed	2026-06-18 20:17:03	not found	2026-06-18 20:17:03	split 1/30
CHEBI:28897	C15H32	CCCCCCCCCCCCCCC	InChI=1S/C15H32/c1-3-5-7-9-11-13-15-14-12-10-8-6-4-2/h3-15H2,1-2H3	Pentadecane, n-		86:140 111:128 112:143 126:144 127:140 141:139	Pentadecane, n-		1520.64	NCBITAXON:http://purl.bioontology.org/ontology/NCBITAXON/4530	Oryza sativa	Golm		MSI:2		tagfinder; manual supervised	976						not found	2026-06-18 20:17:03	not found	2026-06-18 20:17:03	split 1/30
unknown				A104005-101_D104497		86:184 88:249 98:449 100:1898 101:204 102:223 112:270 114:337 115:1024 126:171 128:8834 129:1257 130:372 142:497 154:353 156:1286 157:191 171:818	D104497		1040.95	NCBITAXON:http://purl.bioontology.org/ontology/NCBITAXON/4530	Oryza sativa	Golm		MSI:2		tagfinder; manual supervised	999						failed	2026-06-18 20:17:03	not found	2026-06-18 20:17:03	split 1/30
unknown				A112003-101		86:1136 87:458 100:305 102:357 114:306 117:487 130:4428 131:788 144:1311 174:2358 175:330 188:2111 189:316 203:456	A112003-101		1109.71	NCBITAXON:http://purl.bioontology.org/ontology/NCBITAXON/4530	Oryza sativa	Golm		MSI:2		tagfinder; manual supervised	999						failed	2026-06-18 20:17:03	not found	2026-06-18 20:17:03	split 1/30
unknown				A126003-101		89:191 100:185 248:146	A126003-101		1225.12	NCBITAXON:http://purl.bioontology.org/ontology/NCBITAXON/4530	Oryza sativa	Golm		MSI:2		tagfinder; manual supervised	974						failed	2026-06-18 20:17:03	not found	2026-06-18 20:17:03	split 1/30
unknown				A144007-101_similar to Aspartic acid		116:710 117:751 130:837 160:1097	similar to Aspartic acid (2TMS)		1444.56	NCBITAXON:http://purl.bioontology.org/ontology/NCBITAXON/4530	Oryza sativa	Golm		MSI:2		tagfinder; manual supervised	987						failed	2026-06-18 20:17:03	not found	2026-06-18 20:17:03	split 1/30
unknown				A249004-101		103:302 129:241 169:164 217:278 361:169	A249004-101		2515.86	NCBITAXON:http://purl.bioontology.org/ontology/NCBITAXON/4530	Oryza sativa	Golm		MSI:2		tagfinder; manual supervised	986						failed	2026-06-18 20:17:03	not found	2026-06-18 20:17:03	split 1/30
unknown				A256004-101		101:715 103:1159 115:278 116:475 117:834 129:1736 130:314 131:911 133:515 143:653 169:317 189:310 191:451 204:2818 205:756 206:327 217:801 218:849 219:2515 220:611 221:328 231:295 361:386	A256004-101		2532.99	NCBITAXON:http://purl.bioontology.org/ontology/NCBITAXON/4530	Oryza sativa	Golm		MSI:2		tagfinder; manual supervised	944						failed	2026-06-18 20:17:03	not found	2026-06-18 20:17:03	split 1/30
unknown				A281001-101		117:124 160:130 205:133	A281001-101		2770.99	NCBITAXON:http://purl.bioontology.org/ontology/NCBITAXON/4530	Oryza sativa	Golm		MSI:2		tagfinder; manual supervised	997						failed	2026-06-18 20:17:03	not found	2026-06-18 20:17:03	split 1/30
CHEBI:26078	H3O4P	[H]OP(=O)(O[H])O[H]	InChI=1S/H3O4P/c1-5(2,3)4/h(H3,1,2,3,4)	Phosphoric acid		107:350 115:968 121:532 135:1227 136:252 137:688 151:636 165:344 167:322 181:681 183:334 189:354 192:315 193:1119 194:318 195:367 207:1076 208:329 209:288 211:1982 212:398 213:279 225:709 227:300 283:776 284:298 300:2305 301:1300 302:331 314:1373 315:448 316:299	Phosphoric acid (3TMS)		1262.32	NCBITAXON:http://purl.bioontology.org/ontology/NCBITAXON/4530	Oryza sativa	Golm		MSI:2		tagfinder; manual supervised	965					RM0032341	not found	2026-06-18 20:17:03	first assignment	2026-06-18 20:17:03	split 1/30
CHEBI:17113	C4H10O4	OC[C@H](O)[C@H](O)CO	InChI=1S/C4H10O4/c5-1-3(7)4(8)2-6/h3-8H,1-2H2/t3-,4+	Erythritol		89:166 116:194 129:207 204:199 205:274 218:156	Erythritol (4TMS)		1515.38	NCBITAXON:http://purl.bioontology.org/ontology/NCBITAXON/4530	Oryza sativa	Golm		MSI:2		tagfinder; manual supervised	966				CHEBI:17113	RM0136218	first assignment	2026-06-18 20:17:03	first assignment	2026-06-18 20:17:03	split 1/30
CHEBI:17268	C6H12O6	O[C@H]1[C@H](O)[C@@H](O)[C@H](O)[C@H](O)[C@@H]1O	InChI=1S/C6H12O6/c7-1-2(8)4(10)6(12)5(11)3(1)9/h1-12H/t1-,2-,3-,4+,5-,6-	Inositol, myo-		87:248 101:349 103:2153 104:319 111:240 116:286 129:2687 130:404 131:993 133:2032 134:376 135:286 143:763 157:304 177:311 189:435 190:380 192:646 193:375 203:254 204:1420 205:466 206:251 207:305 218:1058 219:525 221:685 222:251 265:847 266:308 291:444 306:924 307:518 318:1500 319:675 320:359 367:257 432:302 433:260	Inositol, myo- (6TMS)		2107.19	NCBITAXON:http://purl.bioontology.org/ontology/NCBITAXON/4530	Oryza sativa	Golm		MSI:2		tagfinder; manual supervised	975					RM0136735	failed	2026-06-18 20:17:03	first assignment	2026-06-18 20:17:03	split 1/30
unknown				A114002-101_NA114002		86:4597 87:724 88:1211 89:3740 90:401 100:5147 101:580 102:858 103:2721 104:482 105:375 115:525 117:781 118:314 119:647 130:323 131:1765 132:763 133:7298 134:1126 135:569 146:2155 160:1442 161:235 162:616 163:321 174:549 190:761 205:598 220:1952 221:380 235:1461 236:292	NA114002		1116.77	NCBITAXON:http://purl.bioontology.org/ontology/NCBITAXON/4530	Oryza sativa	Golm		MSI:2		tagfinder; manual supervised	967						failed	2026-06-18 20:17:03	not found	2026-06-18 20:17:03	split 1/30
unknown				A247006-101_Siloxane		207:169 221:207 281:183 355:190	Siloxane		2475.42	NCBITAXON:http://purl.bioontology.org/ontology/NCBITAXON/4530	Oryza sativa	Golm		MSI:2		tagfinder; manual supervised	984						failed	2026-06-18 20:17:03	not found	2026-06-18 20:17:03	split 1/30
unknown				A259009-101_Siloxane		207:165 281:191 355:181 429:144	Siloxane		2594.53	NCBITAXON:http://purl.bioontology.org/ontology/NCBITAXON/4530	Oryza sativa	Golm		MSI:2		tagfinder; manual supervised	991						failed	2026-06-18 20:17:03	not found	2026-06-18 20:17:03	split 1/30
unknown				A271010-101_Siloxane		207:179 221:222 222:149 281:193 355:172 429:141	Siloxane		2705.45	NCBITAXON:http://purl.bioontology.org/ontology/NCBITAXON/4530	Oryza sativa	Golm		MSI:2		tagfinder; manual supervised	961						failed	2026-06-18 20:17:03	not found	2026-06-18 20:17:03	split 1/30
unknown				A278009-101_Siloxane		222:141 281:191 355:184 429:150	Siloxane		2805.53	NCBITAXON:http://purl.bioontology.org/ontology/NCBITAXON/4530	Oryza sativa	Golm		MSI:2		tagfinder; manual supervised	801						failed	2026-06-18 20:17:03	not found	2026-06-18 20:17:03	split 1/30
unknown				A295011-101_Siloxane		207:164 281:180 355:174	Siloxane		2899.54	NCBITAXON:http://purl.bioontology.org/ontology/NCBITAXON/4530	Oryza sativa	Golm		MSI:2		tagfinder; manual supervised	997						failed	2026-06-18 20:17:03	not found	2026-06-18 20:17:03	split 1/30
unknown				A307006-101_Siloxane		207:158 281:179 355:167	Siloxane		2987.54	NCBITAXON:http://purl.bioontology.org/ontology/NCBITAXON/4530	Oryza sativa	Golm		MSI:2		tagfinder; manual supervised	996						failed	2026-06-18 20:17:03	not found	2026-06-18 20:17:03	split 1/30
CHEBI:46807	C4H10O3	OCCOCCO	InChI=1S/C4H10O3/c5-1-3-7-4-2-6/h5-6H,1-4H2	Diethylenglycol		87:418 88:595 89:316 101:1496 103:1816 116:2601 117:5586 118:707 119:366 133:464 145:204 191:233	Diethylenglycol (2TMS)		1232.16	NCBITAXON:http://purl.bioontology.org/ontology/NCBITAXON/4530	Oryza sativa	Golm		MSI:2		tagfinder; manual supervised	997						failed	2026-06-18 20:17:03	not found	2026-06-18 20:17:03	split 1/30
CHEBI:28757	C6H12O6			Fructose		120:277 126:787 127:516 128:871 129:8852 130:1980 132:1011 133:16320 134:2117 135:1248 140:351 141:349 142:1135 143:1810 144:581 145:1239 146:423 150:600 154:285 156:507 157:1831 158:781 159:704 160:291 161:481 163:1835 164:393 165:241 168:338 170:289 172:3298 173:3531 174:1006 175:1425 176:338 177:1049 178:249 180:319 186:510 187:357 188:758 189:6797 190:1692 191:3679 192:827 193:460 198:303 200:469 201:1792 202:1387 203:1044 204:3024 205:4905 206:1241 207:1343 208:308 214:665 215:301 216:1131 217:50101 218:10385 219:4730 220:876 221:1487 222:413 229:329 230:728 231:1397 232:509 233:300 235:441 242:300 244:751 246:332 247:389 256:791 260:781 262:924 263:1381 277:3927 278:1449 279:807 291:1054	Fructose (1MEOX) (5TMS) MP		1853.92	NCBITAXON:http://purl.bioontology.org/ontology/NCBITAXON/4530	Oryza sativa	Golm		MSI:2		tagfinder; manual supervised	994				CHEBI:28757	RM0136734	first assignment	2026-06-18 20:17:03	first assignment	2026-06-18 20:17:03	split 1/30
CHEBI:17234	C6H12O6			Glucose		146:473 160:31934 161:5443 162:1812 164:430 165:251 167:139 168:420 169:679 170:467 171:318 172:847 173:1077 174:607 175:1186 176:338 177:1177 178:322 179:235 180:286 181:226 182:264 183:178 184:207 185:266 186:790 187:381 188:339 189:5984 190:1945 191:3129 192:780 193:458 196:271 198:250 199:136 200:377 201:1349 202:536 203:1128 204:5420 206:7173 207:3839 208:758 209:270 210:833 211:211 212:196 213:144 214:341 215:733 216:1889 218:4013 219:1987 220:474 221:1508 222:483 223:313 228:382 229:4835 230:1673 231:2474 232:1019 233:1251 234:924 235:347 236:175 237:165 238:143 239:140 240:333 241:217 242:305 243:573 244:856 245:455 246:842 247:463 248:248 249:167 250:144 251:138 252:143 253:144 254:196 255:149 256:433 257:215 258:167 259:305 260:312 261:214 263:419 264:217 265:314 266:146 267:138 268:355 269:673 270:398 271:207 272:158 273:133 274:1281 275:485 276:410 277:1380 279:328 280:142 284:126 286:150 290:183 291:2096 292:761 293:460 294:151 300:580 301:197 302:251 303:139 304:201 305:1336 306:662 309:263 316:133 317:157 324:139 328:140 330:177 334:144 335:138 337:139 338:133 342:153 346:144 350:138 359:138 367:140 378:130 389:142 432:134 433:136 449:130 468:134	Glucose (1MEOX) (5TMS) MP		1885.2	NCBITAXON:http://purl.bioontology.org/ontology/NCBITAXON/4530	Oryza sativa	Golm		MSI:2		tagfinder; manual supervised	997				CHEBI:17234	RM0135901	first assignment	2026-06-18 20:17:03	first assignment	2026-06-18 20:17:03	split 1/30
CHEBI:17992	C12H22O11	OC[C@H]1O[C@H](O[C@]2(CO)O[C@H](CO)[C@@H](O)[C@@H]2O)[C@H](O)[C@@H](O)[C@@H]1O	InChI=1S/C12H22O11/c13-1-4-6(16)8(18)9(19)11(21-4)23-12(3-15)10(20)7(17)5(2-14)22-12/h4-11,13-20H,1-3H2/t4-,5-,6-,7-,8+,9-,10+,11-,12+/m1/s1	Sucrose		85:1585 86:339 87:1492 89:4030 91:435 95:369 97:976 99:1833 100:326 101:4497 102:2012 103:53202 104:5282 105:2467 111:1574 113:2405 114:646 115:2123 116:2094 117:12504 118:1399 119:1625 125:514 127:1605 128:473 129:39073 130:5407 131:8060 132:1295 133:12184 134:1718 135:1343 140:442 141:1947 142:1754 143:6980 144:1051 145:1912 146:371 150:1062 151:902 152:209 154:436 156:1112 157:7366 158:1136 159:1184 161:855 163:1394 164:264 167:510 169:34405 170:5428 171:3183 172:481 173:1473 174:321 175:1224 177:1430 178:269 179:223 181:792 182:329 184:420 185:739 189:8362 190:1963 191:13160 192:2502 193:1365 199:1353 201:923 203:3249 207:1458 211:156 215:2507 227:967 243:14838	Sucrose (8TMS)		2621.54	NCBITAXON:http://purl.bioontology.org/ontology/NCBITAXON/4530	Oryza sativa	Golm		MSI:2		tagfinder; manual supervised	998				CHEBI:17992	RM0159895	first assignment	2026-06-18 20:17:03	first assignment	2026-06-18 20:17:03	split 1/30
CHEBI:18012	C4H4O4	OC(=O)C=CC(O)=O	InChI=1S/C4H4O4/c5-3(6)1-2-4(7)8/h1-2H,(H,5,6)(H,7,8)/b2-1+	Fumaric acid		115:135 133:168 143:181 246:158	Fumaric acid (2TMS)		1352.86	NCBITAXON:http://purl.bioontology.org/ontology/NCBITAXON/4530	Oryza sativa	Golm		MSI:2		tagfinder; manual supervised	976					RM0135891	not found	2026-06-18 20:17:03	first assignment	2026-06-18 20:17:03	split 1/30
CHEBI:30915	C5H6O5	OC(=O)CCC(=O)C(O)=O	InChI=1S/C5H6O5/c6-3(5(9)10)1-2-4(7)8/h1-2H2,(H,7,8)(H,9,10)	Glutaric acid, 2-oxo-		89:165 112:118 156:146 198:160	Glutaric acid, 2-oxo- (1MEOX) (2TMS) MP		1590.45	NCBITAXON:http://purl.bioontology.org/ontology/NCBITAXON/4530	Oryza sativa	Golm		MSI:2		tagfinder; manual supervised	976						failed	2026-06-18 20:17:03	not found	2026-06-18 20:17:03	split 1/30
CHEBI:78320	C3H6O3	CC(O)C(O)=O	InChI=1S/C3H6O3/c1-2(4)3(5)6/h2,4H,1H3,(H,5,6)	Lactic acid		88:145 118:148 133:158 190:148	Lactic acid (2TMS)		1025.09	NCBITAXON:http://purl.bioontology.org/ontology/NCBITAXON/4530	Oryza sativa	Golm		MSI:2		tagfinder; manual supervised	950					RM0135904	not found	2026-06-18 20:17:03	first assignment	2026-06-18 20:17:03	split 1/30
CHEBI:16995	C2H2O4	OC(=O)C(O)=O	InChI=1S/C2H2O4/c3-1(4)2(5)6/h(H,3,4)(H,5,6)	Oxalic acid		102:186 103:195 117:181 131:280 133:328 175:180 190:248 191:130 219:171	Oxalic acid (2TMS)		1104.7	NCBITAXON:http://purl.bioontology.org/ontology/NCBITAXON/4530	Oryza sativa	Golm		MSI:2		tagfinder; manual supervised	951					RM0149940	not found	2026-06-18 20:17:03	first assignment	2026-06-18 20:17:03	split 1/30
CHEBI:17521	C7H12O6	O[C@@H]1C[C@@](O)(C[C@@H](O)[C@H]1O)C(O)=O	InChI=1S/C7H12O6/c8-3-1-7(13,6(11)12)2-4(9)5(3)10/h3-5,8-10,13H,1-2H2,(H,11,12)/t3-,4-,5-,7+/m1/s1	Quinic acid		239:116 256:126 347:120	Quinic acid (5TMS)		1843.15	NCBITAXON:http://purl.bioontology.org/ontology/NCBITAXON/4530	Oryza sativa	Golm		MSI:2		tagfinder; manual supervised	988					RM0071875	not found	2026-06-18 20:17:03	first assignment	2026-06-18 20:17:03	split 1/30
CHEBI:15741	C4H6O4	OC(=O)CCC(O)=O	InChI=1S/C4H6O4/c5-3(6)1-2-4(7)8/h1-2H2,(H,5,6)(H,7,8)	Succinic acid		116:116 129:248 133:145 172:145 247:180	Succinic acid (2TMS)		1312.81	NCBITAXON:http://purl.bioontology.org/ontology/NCBITAXON/4530	Oryza sativa	Golm		MSI:2		tagfinder; manual supervised	954					RM0134982	not found	2026-06-18 20:17:03	first assignment	2026-06-18 20:17:03	split 1/30
CHEBI:22653	C4H8N2O3	NC(CC(N)=O)C(O)=O	InChI=1S/C4H8N2O3/c5-2(4(8)9)1-3(6)7/h2H,1,5H2,(H2,6,7)(H,8,9)	Asparagine		100:460 116:1009 159:1273	Asparagine (2TMS)		1618.03	NCBITAXON:http://purl.bioontology.org/ontology/NCBITAXON/4530	Oryza sativa	Golm		MSI:2		tagfinder; manual supervised	998				CHEBI:22653	RM0135724	first assignment	2026-06-18 20:17:03	first assignment	2026-06-18 20:17:03	split 1/30
CHEBI:22653	C4H8N2O3	NC(CC(N)=O)C(O)=O	InChI=1S/C4H8N2O3/c5-2(4(8)9)1-3(6)7/h2H,1,5H2,(H2,6,7)(H,8,9)	Asparagine		86:160 98:166 100:577 102:169 114:167 115:207 116:1455 118:182 128:186 130:203 131:304 132:766 133:198 142:159 144:155 159:229 188:490 190:160 202:204 215:159 218:189 231:520 232:184 258:180	Asparagine (3TMS)		1680.34	NCBITAXON:http://purl.bioontology.org/ontology/NCBITAXON/4530	Oryza sativa	Golm		MSI:2		tagfinder; manual supervised	976				CHEBI:22653	RM0135724	first assignment	2026-06-18 20:17:03	first assignment	2026-06-18 20:17:03	split 1/30
CHEBI:16865	C4H9NO2	NCCCC(O)=O	InChI=1S/C4H9NO2/c5-3-1-2-4(6)7/h1-3,5H2,(H,6,7)	Butanoic acid, 4-amino-		86:1548 100:1156 133:596 143:544 216:478 304:736	Butanoic acid, 4-amino- (3TMS)		1545.43	NCBITAXON:http://purl.bioontology.org/ontology/NCBITAXON/4530	Oryza sativa	Golm		MSI:2		tagfinder; manual supervised	947						failed	2026-06-18 20:17:03	not found	2026-06-18 20:17:03	split 1/30
CHEBI:18237	C5H9NO4	NC(CCC(O)=O)C(O)=O	InChI=1S/C5H9NO4/c6-3(5(9)10)1-2-4(7)8/h3H,1-2,6H2,(H,7,8)(H,9,10)	Glutamic acid		88:235 89:188 98:146 101:275 103:250 104:145 112:196 114:170 117:296 128:157 129:324 131:311 133:265 144:197 145:207 146:269 159:363 160:207 173:270 176:235 186:155 187:165 188:138 201:219 248:205 276:336	Glutamic acid (2TMS)		1549.18	NCBITAXON:http://purl.bioontology.org/ontology/NCBITAXON/4530	Oryza sativa	Golm		MSI:2		tagfinder; manual supervised	803					RM0135893	not found	2026-06-18 20:17:03	first assignment	2026-06-18 20:17:03	split 1/30
CHEBI:15428	C2H5NO2	NCC(O)=O	InChI=1S/C2H5NO2/c3-1-2(4)5/h1,3H2,(H,4,5)	Glycine		86:1148 100:682 133:476 174:1912 175:456 176:260 248:394	Glycine (3TMS)		1304.33	NCBITAXON:http://purl.bioontology.org/ontology/NCBITAXON/4530	Oryza sativa	Golm		MSI:2		tagfinder; manual supervised	982				CHEBI:15428	RM0135888	first assignment	2026-06-18 20:17:03	first assignment	2026-06-18 20:17:03	split 1/30
CHEBI:24898	C6H13NO2			Isoleucine		100:250 158:940 159:215 218:208	Isoleucine (2TMS)		1288.4	NCBITAXON:http://purl.bioontology.org/ontology/NCBITAXON/4530	Oryza sativa	Golm		MSI:2		tagfinder; manual supervised	987				CHEBI:24898	RM0134975	first assignment	2026-06-18 20:17:03	first assignment	2026-06-18 20:17:03	split 1/30
CHEBI:25017	C6H13NO2	CC(C)CC(N)C(O)=O	InChI=1S/C6H13NO2/c1-4(2)3-5(7)6(8)9/h4-5H,3,7H2,1-2H3,(H,8,9)	Leucine		86:153 128:146 142:139 160:160	Leucine (2TMS)		1263.05	NCBITAXON:http://purl.bioontology.org/ontology/NCBITAXON/4530	Oryza sativa	Golm		MSI:2		tagfinder; manual supervised	945				CHEBI:25017	RM0136379	first assignment	2026-06-18 20:17:03	first assignment	2026-06-18 20:17:03	split 1/30
CHEBI:26271	C5H9NO2	OC(=O)C1CCCN1	InChI=1S/C5H9NO2/c7-5(8)4-2-1-3-6-4/h4,6H,1-3H2,(H,7,8)	Proline		99:351 100:529 133:411 140:384 144:704 216:715	Proline (2TMS)		1297.3	NCBITAXON:http://purl.bioontology.org/ontology/NCBITAXON/4530	Oryza sativa	Golm		MSI:2		tagfinder; manual supervised	975				CHEBI:26271	RM0135899	first assignment	2026-06-18 20:17:03	first assignment	2026-06-18 20:17:03	split 1/30
CHEBI:17822	C3H7NO3	NC(CO)C(O)=O	InChI=1S/C3H7NO3/c4-2(1-5)3(6)7/h2,5H,1,4H2,(H,6,7)	Serine		100:499 116:247 133:231 188:258 205:254 218:470 219:228	Serine (3TMS)		1359.59	NCBITAXON:http://purl.bioontology.org/ontology/NCBITAXON/4530	Oryza sativa	Golm		MSI:2		tagfinder; manual supervised	957				CHEBI:17822	RM0032433	first assignment	2026-06-18 20:17:03	first assignment	2026-06-18 20:17:03	split 1/30
CHEBI:17822	C3H7NO3	NC(CO)C(O)=O	InChI=1S/C3H7NO3/c4-2(1-5)3(6)7/h2,5H,1,4H2,(H,6,7)	Serine		86:183 87:209 88:302 100:350 102:235 118:255 130:245 131:203 134:177 146:311 159:221 219:180	Serine (2TMS)		1251.42	NCBITAXON:http://purl.bioontology.org/ontology/NCBITAXON/4530	Oryza sativa	Golm		MSI:2		tagfinder; manual supervised	962				CHEBI:17822	RM0032433	first assignment	2026-06-18 20:17:03	first assignment	2026-06-18 20:17:03	split 1/30
CHEBI:143534	C3H3D4NO2	C(C(C([2H])([2H])[2H])(N([H])[H])[2H])(=O)O[H]	InChI=1S/C3H7NO2/c1-2(4)3(5)6/h2H,4H2,1H3,(H,5,6)/i1D3,2D	Alanine, d4-		87:235 89:304 90:546 96:369 101:473 103:1180 104:790 105:390 106:297 119:1024 120:19492 121:2192 122:838 131:472 132:455 133:423 134:329 194:915	Alanine, d4- (2TMS)		1070.52	NCBITAXON:http://purl.bioontology.org/ontology/NCBITAXON/4530	Oryza sativa	Golm		MSI:2		tagfinder; manual supervised	998						not found	2026-06-18 20:17:03	not found	2026-06-18 20:17:03	split 1/30
unknown				A116012-101_D116201		86:154 100:147 174:205	D116201		1151.8	NCBITAXON:http://purl.bioontology.org/ontology/NCBITAXON/4530	Oryza sativa	Golm		MSI:2		tagfinder; manual supervised	995						failed	2026-06-18 20:17:03	not found	2026-06-18 20:17:03	split 1/30
unknown				A116014-101_Unknown#bth-pae-013		207:128 249:129 265:128 282:151 283:127 369:125	Unknown#bth-pae-013		1139.9	NCBITAXON:http://purl.bioontology.org/ontology/NCBITAXON/4530	Oryza sativa	Golm		MSI:2		tagfinder; manual supervised	933						failed	2026-06-18 20:17:03	not found	2026-06-18 20:17:03	split 1/30
unknown				A147011-101_NA147011		105:127 114:119 133:128 172:128 173:133	NA147011		1486.66	NCBITAXON:http://purl.bioontology.org/ontology/NCBITAXON/4530	Oryza sativa	Golm		MSI:2		tagfinder; manual supervised	943						failed	2026-06-18 20:17:03	not found	2026-06-18 20:17:03	split 1/30
unknown				A155004-101		131:203 133:160 220:156	A155004-101		1561.91	NCBITAXON:http://purl.bioontology.org/ontology/NCBITAXON/4530	Oryza sativa	Golm		MSI:2		tagfinder; manual supervised	988						failed	2026-06-18 20:17:03	not found	2026-06-18 20:17:03	split 1/30
unknown				A159003-101		101:144 103:221 115:139 116:256 118:154 119:126 131:142 133:213 143:127 157:129 191:143 205:283 206:124 231:132 234:178 306:197 307:127	A159003-101		1592.44	NCBITAXON:http://purl.bioontology.org/ontology/NCBITAXON/4530	Oryza sativa	Golm		MSI:2		tagfinder; manual supervised	956						failed	2026-06-18 20:17:03	not found	2026-06-18 20:17:03	split 1/30
unknown				A174001-101_NA174001		101:257 103:823 117:1348 118:210 129:635 131:385 133:675 143:289 157:261 189:527 191:248 205:1237 206:327 207:271 217:1375 218:361 219:205 221:291 232:200 319:181 333:180 394:203	NA174001		1739.67	NCBITAXON:http://purl.bioontology.org/ontology/NCBITAXON/4530	Oryza sativa	Golm		MSI:2		tagfinder; manual supervised	974						failed	2026-06-18 20:17:03	not found	2026-06-18 20:17:03	split 1/30
unknown				A201002-101_NA201002		133:210 143:163 189:170 205:240 292:205 305:139 319:136 333:214	NA201002		2003.22	NCBITAXON:http://purl.bioontology.org/ontology/NCBITAXON/4530	Oryza sativa	Golm		MSI:2		tagfinder; manual supervised	992						failed	2026-06-18 20:17:03	not found	2026-06-18 20:17:03	split 1/30
unknown				A211001-101_NA211001		89:266 103:562 129:369 157:262 205:449 217:253 319:392	NA211001		2126.76	NCBITAXON:http://purl.bioontology.org/ontology/NCBITAXON/4530	Oryza sativa	Golm		MSI:2		tagfinder; manual supervised	990						failed	2026-06-18 20:17:03	not found	2026-06-18 20:17:03	split 1/30
unknown				A228001-101		89:160 101:126 103:228 133:247 204:130 205:159 217:173 290:234 291:129 319:125	A228001-101		2294.99	NCBITAXON:http://purl.bioontology.org/ontology/NCBITAXON/4530	Oryza sativa	Golm		MSI:2		tagfinder; manual supervised	938						failed	2026-06-18 20:17:03	not found	2026-06-18 20:17:03	split 1/30
unknown				A237001-101		103:366 129:191 204:279 217:300	A237001-101		2383.06	NCBITAXON:http://purl.bioontology.org/ontology/NCBITAXON/4530	Oryza sativa	Golm		MSI:2		tagfinder; manual supervised	987						failed	2026-06-18 20:17:03	not found	2026-06-18 20:17:03	split 1/30
unknown				A250001-101		89:228 101:507 103:799 116:340 117:894 129:730 131:224 133:364 169:189 189:228 191:317 204:2385 205:1055 206:397 217:665 218:212 321:379	A250001-101		2493.24	NCBITAXON:http://purl.bioontology.org/ontology/NCBITAXON/4530	Oryza sativa	Golm		MSI:2		tagfinder; manual supervised	975						failed	2026-06-18 20:17:03	not found	2026-06-18 20:17:03	split 1/30
unknown				A285012-101_D285215		103:171 107:172 109:147 123:127 129:138 133:137 173:123 204:117 223:181 281:138	D285215		2832.7	NCBITAXON:http://purl.bioontology.org/ontology/NCBITAXON/4530	Oryza sativa	Golm		MSI:2		tagfinder; manual supervised	940						failed	2026-06-18 20:17:03	not found	2026-06-18 20:17:03	split 1/30
CHEBI:16000	C2H7NO	NCCO	InChI=1S/C2H7NO/c3-1-2-4/h4H,1-3H2	Ethanolamine		86:4510 87:539 88:300 100:4411 101:597 114:545 130:646 174:9203 175:1731 176:777	Ethanolamine (3TMS)		1259.03	NCBITAXON:http://purl.bioontology.org/ontology/NCBITAXON/4530	Oryza sativa	Golm		MSI:2		tagfinder; manual supervised	991				CHEBI:16000	RM0040238	first assignment	2026-06-18 20:17:03	first assignment	2026-06-18 20:17:03	split 1/30
CHEBI:17148	C4H12N2	NCCCCN	InChI=1S/C4H12N2/c5-3-1-2-4-6/h1-6H2	Putrescine		86:478 100:339 130:274 172:278 174:1320 175:371 176:273 200:253 214:267	Putrescine (4TMS)		1744.65	NCBITAXON:http://purl.bioontology.org/ontology/NCBITAXON/4530	Oryza sativa	Golm		MSI:2		tagfinder; manual supervised	953				CHEBI:17148	RM0139715	first assignment	2026-06-18 20:17:03	first assignment	2026-06-18 20:17:03	split 1/30
CHEBI:16540	C5H5NO	Oc1ccccn1	InChI=1S/C5H5NO/c7-5-3-1-2-4-6-5/h1-4H,(H,6,7)	Pyridine, 2-hydroxy-		122:179 153:205 166:188 167:169	Pyridine, 2-hydroxy- (1TMS)		1009.42	NCBITAXON:http://purl.bioontology.org/ontology/NCBITAXON/4530	Oryza sativa	Golm		MSI:2		tagfinder; manual supervised	997						failed	2026-06-18 20:17:03	not found	2026-06-18 20:17:03	split 1/30
CHEBI:17553	C2H8NO4P	NCCOP(O)(O)=O	InChI=1S/C2H8NO4P/c3-1-2-7-8(4,5)6/h1-3H2,(H2,4,5,6)	Ethanolaminephosphate		100:356 114:220 172:262 174:263 188:197 299:200	Ethanolaminephosphate (4TMS)		1782.38	NCBITAXON:http://purl.bioontology.org/ontology/NCBITAXON/4530	Oryza sativa	Golm		MSI:2		tagfinder; manual supervised	980					RM0060581	failed	2026-06-18 20:17:03	first assignment	2026-06-18 20:17:03	split 1/30
CHEBI:14314	C6H13O9P			Glucose-6-phosphate		89:133 101:132 103:129 129:171 131:128 160:177 217:131 299:168 387:184 388:121	Glucose-6-phosphate (1MEOX) (6TMS) MP		2333.94	NCBITAXON:http://purl.bioontology.org/ontology/NCBITAXON/4530	Oryza sativa	Golm		MSI:2		tagfinder; manual supervised	928					RM0136106	not found	2026-06-18 20:17:03	first assignment	2026-06-18 20:17:03	split 1/30
CHEBI:17050	C3H7O7P	OC(COP(O)(O)=O)C(O)=O	InChI=1S/C3H7O7P/c4-2(3(5)6)1-10-11(7,8)9/h2,4H,1H2,(H,5,6)(H2,7,8,9)	Glyceric acid-3-phosphate		133:150 211:169 227:169 299:182	Glyceric acid-3-phosphate (4TMS)		1804.78	NCBITAXON:http://purl.bioontology.org/ontology/NCBITAXON/4530	Oryza sativa	Golm		MSI:2		tagfinder; manual supervised	984						failed	2026-06-18 20:17:03	not found	2026-06-18 20:17:03	split 1/30
CHEBI:340824	CH5O4P	COP(O)(O)=O	InChI=1S/CH5O4P/c1-5-6(2,3)4/h1H3,(H2,2,3,4)	Phosphoric acid monomethyl ester		133:146 135:117 163:144 211:117	Phosphoric acid monomethyl ester (2TMS)		1159.04	NCBITAXON:http://purl.bioontology.org/ontology/NCBITAXON/4530	Oryza sativa	Golm		MSI:2		tagfinder; manual supervised	980					RM0136733	failed	2026-06-18 20:17:03	first assignment	2026-06-18 20:17:03	split 1/30
CHEBI:132138	C12H12O12	C123C(OC4(C5(O1)C(C(CO5)O)OC4=O)O)(C(OC2C(CO3)O)=O)O	InChI=1S/C12H12O12/c13-3-1-19-11-5(3)21-7(15)9(11,17)23-10(18)8(16)22-6-4(14)2-20-12(6,10)24-11/h3-6,13-14,17-18H,1-2H2	Dehydroascorbic acid dimer		101:208 158:187 174:209 175:132 176:127 231:133 245:205 246:133 316:236 317:126	Dehydroascorbic acid dimer (2MEOX) MP		1841.79	NCBITAXON:http://purl.bioontology.org/ontology/NCBITAXON/4530	Oryza sativa	Golm		MSI:2		tagfinder; manual supervised	933						failed	2026-06-18 20:17:03	not found	2026-06-18 20:17:03	split 1/30
CHEBI:33508	C3H6O4	OCC(O)C(O)=O	InChI=1S/C3H6O4/c4-1-2(5)3(6)7/h2,4-5H,1H2,(H,6,7)	Glyceric acid		89:281 101:361 102:856 103:836 115:199 116:217 117:540 130:348 131:304 133:884 134:266 135:218 189:993 190:313 191:244 205:327 292:405 293:222	Glyceric acid (3TMS)		1327.57	NCBITAXON:http://purl.bioontology.org/ontology/NCBITAXON/4530	Oryza sativa	Golm		MSI:2		tagfinder; manual supervised	969					RM0135902	not found	2026-06-18 20:17:03	first assignment	2026-06-18 20:17:03	split 1/30
CHEBI:26984	C4H8O5	OC[C@@H](O)[C@H](O)C(O)=O	InChI=1S/C4H8O5/c5-1-2(6)3(7)4(8)9/h2-3,5-7H,1H2,(H,8,9)/t2-,3+/m1/s1	Threonic acid		102:231 133:166 205:172 217:163 220:171 292:198	Threonic acid (4TMS)		1567.74	NCBITAXON:http://purl.bioontology.org/ontology/NCBITAXON/4530	Oryza sativa	Golm		MSI:2		tagfinder; manual supervised	956					RM0049431	not found	2026-06-18 20:17:03	first assignment	2026-06-18 20:17:03	split 1/30
CHEBI:22605	C5H12O5			Arabitol		103:2170 129:1206 133:699 217:1678	Arabitol (5TMS)		1720.52	NCBITAXON:http://purl.bioontology.org/ontology/NCBITAXON/4530	Oryza sativa	Golm		MSI:2		tagfinder; manual supervised	961					RM0135975	not found	2026-06-18 20:17:03	first assignment	2026-06-18 20:17:03	split 1/30
CHEBI:17754	C3H8O3	OCC(O)CO	InChI=1S/C3H8O3/c4-1-3(6)2-5/h3-6H,1-2H2	Glycerol		129:231 203:226 204:256 217:179 219:206	Glycerol (3TMS)		1261.72	NCBITAXON:http://purl.bioontology.org/ontology/NCBITAXON/4530	Oryza sativa	Golm		MSI:2		tagfinder; manual supervised	942				CHEBI:17754	RM0135887	first assignment	2026-06-18 20:17:03	first assignment	2026-06-18 20:17:03	split 1/30
CHEBI:29864	C6H14O6			Mannitol		118:132 130:137 143:139 158:145 183:135 190:137 219:142 231:140 291:131	Mannitol (6TMS)		1923.58	NCBITAXON:http://purl.bioontology.org/ontology/NCBITAXON/4530	Oryza sativa	Golm		MSI:2		tagfinder; manual supervised	968				CHEBI:29864	RM0155938	first assignment	2026-06-18 20:17:03	first assignment	2026-06-18 20:17:03	split 1/30
CHEBI:15963	C5H12O5	OC[C@H](O)[C@H](O)[C@H](O)CO	InChI=1S/C5H12O5/c6-1-3(8)5(10)4(9)2-7/h3-10H,1-2H2/t3-,4+,5-	Ribitol		117:938 204:477 218:562	Ribitol (5TMS)		1723.58	NCBITAXON:http://purl.bioontology.org/ontology/NCBITAXON/4530	Oryza sativa	Golm		MSI:2		tagfinder; manual supervised	995				CHEBI:15963	RM0155896	first assignment	2026-06-18 20:17:03	first assignment	2026-06-18 20:17:03	split 1/30
CHEBI:17151	C5H12O5	OC[C@H](O)[C@@H](O)[C@H](O)CO	InChI=1S/C5H12O5/c6-1-3(8)5(10)4(9)2-7/h3-10H,1-2H2/t3-,4+,5+	Xylitol		117:155 133:137 205:139 307:153 319:140	Xylitol (5TMS)		1699.21	NCBITAXON:http://purl.bioontology.org/ontology/NCBITAXON/4530	Oryza sativa	Golm		MSI:2		tagfinder; manual supervised	967				CHEBI:17151	RM0034160	first assignment	2026-06-18 20:17:03	first assignment	2026-06-18 20:17:03	split 1/30
CHEBI:18305	C12H16O7	OC[C@H]1O[C@@H](Oc2ccc(O)cc2)[C@H](O)[C@@H](O)[C@@H]1O	InChI=1S/C12H16O7/c13-5-8-9(15)10(16)11(17)12(19-8)18-7-3-1-6(14)2-4-7/h1-4,8-17H,5H2/t8-,9-,10+,11-,12-/m1/s1	4-Hydroxyphenyl-beta-glucopyranoside		89:141 101:132 131:166 143:135 157:145 167:144 182:152 189:126 191:161 218:159 219:129 239:138 243:187 254:372 255:168 271:154	4-Hydroxyphenyl-beta-glucopyranoside (5TMS)		2580.26	NCBITAXON:http://purl.bioontology.org/ontology/NCBITAXON/4530	Oryza sativa	Golm		MSI:2		tagfinder; manual supervised	879						failed	2026-06-18 20:17:03	not found	2026-06-18 20:17:03	split 1/30
CHEBI:22599	C5H10O5			Arabinose		89:135 129:124 133:136	Arabinose (1MEOX) (4TMS) MP		1665.83	NCBITAXON:http://purl.bioontology.org/ontology/NCBITAXON/4530	Oryza sativa	Golm		MSI:2		tagfinder; manual supervised	998				CHEBI:22599	RM0136634	first assignment	2026-06-18 20:17:03	first assignment	2026-06-18 20:17:03	split 1/30
CHEBI:28757	C6H12O6			Fructose		110:278 111:370 120:292 126:614 127:524 128:828 129:7661 130:1803 131:3897 132:877 134:1503 135:989 140:323 141:378 142:1276 143:1632 144:528 145:1004 146:289 150:592 151:334 154:272 156:645 157:1655 158:645 159:506 161:398 163:1406 164:310 168:480 169:247 170:692 172:1702 173:2590 174:1010 175:1264 176:316 177:630 180:402 186:405 187:286 188:503 189:4570 190:1353 191:3143 192:748 193:427 196:353 198:735 200:404 201:1425 202:1388 203:935 204:2733 205:4168 206:1147 207:1004 214:441 215:283 216:829 217:39899 218:8547 219:3839 220:732 221:1387 222:387 229:432 230:442 231:1069 232:405 240:311 244:955 245:576 246:340 262:2459 263:1503 277:3129 278:1229 291:683 309:2123	Fructose (1MEOX) (5TMS) BP		1865.04	NCBITAXON:http://purl.bioontology.org/ontology/NCBITAXON/4530	Oryza sativa	Golm		MSI:2		tagfinder; manual supervised	994				CHEBI:28757	RM0136734	first assignment	2026-06-18 20:17:03	first assignment	2026-06-18 20:17:03	split 1/30
CHEBI:37661	C6H12O6			Glucopyranose		129:185 191:158 219:193 232:184	Glucopyranose [-H20] (4TMS)		1765.74	NCBITAXON:http://purl.bioontology.org/ontology/NCBITAXON/4530	Oryza sativa	Golm		MSI:2		tagfinder; manual supervised	993				CHEBI:37661	RM0135901	first assignment	2026-06-18 20:17:03	first assignment	2026-06-18 20:17:03	split 1/30
CHEBI:17234	C6H12O6			Glucose		86:320 87:494 88:421 90:595 97:446 99:415 100:1250 102:756 105:1654 106:314 111:266 113:400 114:464 115:569 116:604 118:758 119:865 127:334 130:1339 132:426 134:781 135:484 143:987 145:343 150:309 158:804 159:529 161:1473 162:503 163:714 169:395 172:327 173:328 175:414 177:548 186:313 190:619 191:865 201:510 203:371 204:1512 206:1922 207:1148 214:380 218:1073 219:575 221:470 229:1302 230:495 231:461 233:651 234:281 235:474 277:408 291:532 307:416 320:1910 321:1038	Glucose (1MEOX) (5TMS) BP		1908.59	NCBITAXON:http://purl.bioontology.org/ontology/NCBITAXON/4530	Oryza sativa	Golm		MSI:2		tagfinder; manual supervised	955				CHEBI:17234	RM0135901	first assignment	2026-06-18 20:17:03	first assignment	2026-06-18 20:17:03	split 1/30
CHEBI:16634	C18H32O16	OC[C@H]1O[C@H](OC[C@H]2O[C@H](O[C@]3(CO)O[C@H](CO)[C@@H](O)[C@@H]3O)[C@H](O)[C@@H](O)[C@@H]2O)[C@H](O)[C@@H](O)[C@H]1O	InChI=1S/C18H32O16/c19-1-5-8(22)11(25)13(27)16(31-5)30-3-7-9(23)12(26)14(28)17(32-7)34-18(4-21)15(29)10(24)6(2-20)33-18/h5-17,19-29H,1-4H2/t5-,6-,7-,8+,9-,10-,11+,12+,13-,14-,15+,16+,17-,18+/m1/s1	Raffinose		117:335 191:381 205:379 218:342 243:365 271:354	Raffinose (11TMS)		3187.21	NCBITAXON:http://purl.bioontology.org/ontology/NCBITAXON/4530	Oryza sativa	Golm		MSI:2		tagfinder; manual supervised	991				CHEBI:16634	RM0155913	first assignment	2026-06-18 20:17:03	first assignment	2026-06-18 20:17:03	split 1/30
CHEBI:16551	C12H22O11	OC[C@H]1O[C@H](O[C@H]2O[C@H](CO)[C@@H](O)[C@H](O)[C@H]2O)[C@H](O)[C@@H](O)[C@@H]1O	InChI=1S/C12H22O11/c13-1-3-5(15)7(17)9(19)11(21-3)23-12-10(20)8(18)6(16)4(2-14)22-12/h3-20H,1-2H2/t3-,4-,5-,6-,7+,8+,9-,10-,11-,12-/m1/s1	alpha,alpha'-trehalose		169:281 191:389 361:383	Trehalose, alpha,alpha'- (8TMS)		2714.11	NCBITAXON:http://purl.bioontology.org/ontology/NCBITAXON/4530	Oryza sativa	Golm		MSI:2		tagfinder; manual supervised	968						not found	2026-06-18 20:17:03	not found	2026-06-18 20:17:03	split 1/30
CHEBI:30769	C6H8O7	OC(=O)CC(O)(CC(O)=O)C(O)=O	InChI=1S/C6H8O7/c7-3(8)1-6(13,5(11)12)2-4(9)10/h13H,1-2H2,(H,7,8)(H,9,10)(H,11,12)	Citric acid		132:390 135:527 142:240 144:285 145:270 150:581 151:339 163:485 169:379 171:441 173:279 184:547 189:410 190:342 201:276 212:620 219:252 222:411 223:281 229:520 243:218 258:450 259:444 276:282 301:306 303:400 306:292 349:445 364:512 365:297 376:619 377:368 466:308	Citric acid (4TMS)		1803.92	NCBITAXON:http://purl.bioontology.org/ontology/NCBITAXON/4530	Oryza sativa	Golm		MSI:2		tagfinder; manual supervised	968					RM0135884	not found	2026-06-18 20:17:03	first assignment	2026-06-18 20:17:03	split 1/30
CHEBI:6650	C4H6O5	OC(CC(O)=O)C(O)=O	InChI=1S/C4H6O5/c5-2(4(8)9)1-3(6)7/h2,5H,1H2,(H,6,7)(H,8,9)	Malic acid		175:1773 189:2180 190:1763 191:1541 245:2067	Malic acid (3TMS)		1494.84	NCBITAXON:http://purl.bioontology.org/ontology/NCBITAXON/4530	Oryza sativa	Golm		MSI:2		tagfinder; manual supervised	995					RM0135894	not found	2026-06-18 20:17:03	first assignment	2026-06-18 20:17:03	split 1/30
CHEBI:16995	C2H2O4	OC(=O)C(O)=O	InChI=1S/C2H2O4/c3-1(4)2(5)6/h(H,3,4)(H,5,6)	Oxalic acid		131:451 133:582 190:565	Oxalic acid (2TMS)		1104.99	NCBITAXON:http://purl.bioontology.org/ontology/NCBITAXON/4530	Oryza sativa	Golm		MSI:2		tagfinder; manual supervised	995					RM0149940	not found	2026-06-18 20:17:03	first assignment	2026-06-18 20:17:03	split 1/30
CHEBI:16865	C4H9NO2	NCCCC(O)=O	InChI=1S/C4H9NO2/c5-3-1-2-4(6)7/h1-3,5H2,(H,6,7)	Butanoic acid, 4-amino-		101:271 142:276 143:303 176:292	Butanoic acid, 4-amino- (3TMS)		1540.85	NCBITAXON:http://purl.bioontology.org/ontology/NCBITAXON/4530	Oryza sativa	Golm		MSI:2		tagfinder; manual supervised	958						failed	2026-06-18 20:17:03	not found	2026-06-18 20:17:03	split 1/30
CHEBI:26271	C5H9NO2	OC(=O)C1CCCN1	InChI=1S/C5H9NO2/c7-5(8)4-2-1-3-6-4/h4,6H,1-3H2,(H,7,8)	Proline		98:318 142:9916 143:2152	Proline (2TMS)		1296.62	NCBITAXON:http://purl.bioontology.org/ontology/NCBITAXON/4530	Oryza sativa	Golm		MSI:2		tagfinder; manual supervised	997				CHEBI:26271	RM0135899	first assignment	2026-06-18 20:17:03	first assignment	2026-06-18 20:17:03	split 1/30
CHEBI:138264	[13C]6H14O6	[13CH2]([13C@H]([13C@H]([13C@H]([13C@H]([13CH2]O)O)O)O)O)O	InChI=1S/C6H14O6/c7-1-3(9)5(11)6(12)4(10)2-8/h3-12H,1-2H2/t3-,4+,5-,6+/i1+1,2+1,3+1,4+1,5+1,6+1	Sorbitol, U-13C-		119:543 132:472 207:740 220:703	Sorbitol, U-13C- (6TMS)		1936.89	NCBITAXON:http://purl.bioontology.org/ontology/NCBITAXON/4530	Oryza sativa	Golm		MSI:2		tagfinder; manual supervised	991						failed	2026-06-18 20:17:03	not found	2026-06-18 20:17:03	split 1/30
unknown				A104005-101_D104497		128:6723 129:613 142:240 156:591	D104497		1041.64	NCBITAXON:http://purl.bioontology.org/ontology/NCBITAXON/4530	Oryza sativa	Golm		MSI:2		tagfinder; manual supervised	997						failed	2026-06-18 20:17:03	not found	2026-06-18 20:17:03	split 1/30
unknown				A124006-101_Unknown#bth-pae-016		89:253 100:247 248:218	Unknown#bth-pae-016		1224.87	NCBITAXON:http://purl.bioontology.org/ontology/NCBITAXON/4530	Oryza sativa	Golm		MSI:2		tagfinder; manual supervised	994						failed	2026-06-18 20:17:03	not found	2026-06-18 20:17:03	split 1/30
unknown				A144007-101_similar to Aspartic acid		116:772 117:895 130:1008	similar to Aspartic acid (2TMS)		1436.8	NCBITAXON:http://purl.bioontology.org/ontology/NCBITAXON/4530	Oryza sativa	Golm		MSI:2		tagfinder; manual supervised	998						failed	2026-06-18 20:17:03	not found	2026-06-18 20:17:03	split 1/30
unknown				A182009-101_similar to Fructose Derivate		89:235 102:281 116:334 131:422 143:390 157:298 191:345 206:400 207:246 218:305 221:213 257:291 319:252	similar to Fructose Derivate		1801.19	NCBITAXON:http://purl.bioontology.org/ontology/NCBITAXON/4530	Oryza sativa	Golm		MSI:2		tagfinder; manual supervised	818						failed	2026-06-18 20:17:03	not found	2026-06-18 20:17:03	split 1/30
CHEBI:26078	H3O4P	[H]OP(=O)(O[H])O[H]	InChI=1S/H3O4P/c1-5(2,3)4/h(H3,1,2,3,4)	Phosphoric acid		191:819 193:906 207:888	Phosphoric acid (3TMS)		1261.98	NCBITAXON:http://purl.bioontology.org/ontology/NCBITAXON/4530	Oryza sativa	Golm		MSI:2		tagfinder; manual supervised	998					RM0032341	not found	2026-06-18 20:17:03	first assignment	2026-06-18 20:17:03	split 1/30
CHEBI:132138	C12H12O12	C123C(OC4(C5(O1)C(C(CO5)O)OC4=O)O)(C(OC2C(CO3)O)=O)O	InChI=1S/C12H12O12/c13-3-1-19-11-5(3)21-7(15)9(11,17)23-10(18)8(16)22-6-4(14)2-20-12(6,10)24-11/h3-6,13-14,17-18H,1-2H2	Dehydroascorbic acid dimer		116:211 117:272 129:465	Dehydroascorbic acid dimer (2MEOX) MP		1844.61	NCBITAXON:http://purl.bioontology.org/ontology/NCBITAXON/4530	Oryza sativa	Golm		MSI:2		tagfinder; manual supervised	969						failed	2026-06-18 20:17:03	not found	2026-06-18 20:17:03	split 1/30
CHEBI:33508	C3H6O4	OCC(O)C(O)=O	InChI=1S/C3H6O4/c4-1-2(5)3(6)7/h2,4-5H,1H2,(H,6,7)	Glyceric acid		102:1470 103:1418 189:1680	Glyceric acid (3TMS)		1325.71	NCBITAXON:http://purl.bioontology.org/ontology/NCBITAXON/4530	Oryza sativa	Golm		MSI:2		tagfinder; manual supervised	979					RM0135902	not found	2026-06-18 20:17:03	first assignment	2026-06-18 20:17:03	split 1/30
CHEBI:17151	C5H12O5	OC[C@H](O)[C@@H](O)[C@H](O)CO	InChI=1S/C5H12O5/c6-1-3(8)5(10)4(9)2-7/h3-10H,1-2H2/t3-,4+,5+	Xylitol		117:208 129:317 217:308	Xylitol (5TMS)		1691.62	NCBITAXON:http://purl.bioontology.org/ontology/NCBITAXON/4530	Oryza sativa	Golm		MSI:2		tagfinder; manual supervised	897				CHEBI:17151	RM0034160	first assignment	2026-06-18 20:17:03	first assignment	2026-06-18 20:17:03	split 1/30
unknown				A114002-101_NA114002		85:211 131:722 133:4081 146:1008 160:652 220:889 221:225 222:197 235:648	NA114002		1117.1	NCBITAXON:http://purl.bioontology.org/ontology/NCBITAXON/4530	Oryza sativa	Golm		MSI:2		tagfinder; manual supervised	973						failed	2026-06-18 20:17:03	not found	2026-06-18 20:17:03	split 1/30
CHEBI:46807	C4H10O3	OCCOCCO	InChI=1S/C4H10O3/c5-1-3-7-4-2-6/h5-6H,1-4H2	Diethylenglycol		88:519 101:1204 103:1422 118:587 119:321	Diethylenglycol (2TMS)		1232.84	NCBITAXON:http://purl.bioontology.org/ontology/NCBITAXON/4530	Oryza sativa	Golm		MSI:2		tagfinder; manual supervised	993						failed	2026-06-18 20:17:03	not found	2026-06-18 20:17:03	split 1/30
CHEBI:28757	C6H12O6			Fructose		106:540 116:1453 117:10872 126:642 127:572 128:896 132:844 133:10697 135:1015 140:339 141:395 144:551 150:591 156:729 158:664 159:528 164:371 168:523 176:387 180:447 186:453 188:512 193:491 196:400 200:435 240:361 246:419 256:557	Fructose (1MEOX) (5TMS) BP		1872.77	NCBITAXON:http://purl.bioontology.org/ontology/NCBITAXON/4530	Oryza sativa	Golm		MSI:2		tagfinder; manual supervised	998				CHEBI:28757	RM0136734	first assignment	2026-06-18 20:17:03	first assignment	2026-06-18 20:17:03	split 1/30
CHEBI:17234	C6H12O6			Glucose		102:3028 118:2872 119:2484 134:2325 202:356 232:1242 244:1135 246:1139 269:951 278:872 292:829	Glucose (1MEOX) (5TMS) MP		1892.1	NCBITAXON:http://purl.bioontology.org/ontology/NCBITAXON/4530	Oryza sativa	Golm		MSI:2		tagfinder; manual supervised	995				CHEBI:17234	RM0135901	first assignment	2026-06-18 20:17:03	first assignment	2026-06-18 20:17:03	split 1/30
CHEBI:17992	C12H22O11	OC[C@H]1O[C@H](O[C@]2(CO)O[C@H](CO)[C@@H](O)[C@@H]2O)[C@H](O)[C@@H](O)[C@@H]1O	InChI=1S/C12H22O11/c13-1-4-6(16)8(18)9(19)11(21-4)23-12(3-15)10(20)7(17)5(2-14)22-12/h4-11,13-20H,1-3H2/t4-,5-,6-,7-,8+,9-,10+,11-,12+/m1/s1	Sucrose		103:132706 104:12550 129:83953 130:11256 131:16951 143:13609 157:14199 189:15194 191:26776 204:14289 230:8781 245:7878 257:7157 272:9328 273:4876 319:12726	Sucrose (8TMS)		2622.83	NCBITAXON:http://purl.bioontology.org/ontology/NCBITAXON/4530	Oryza sativa	Golm		MSI:2		tagfinder; manual supervised	995				CHEBI:17992	RM0159895	first assignment	2026-06-18 20:17:03	first assignment	2026-06-18 20:17:03	split 1/30
CHEBI:16551	C12H22O11	OC[C@H]1O[C@H](O[C@H]2O[C@H](CO)[C@@H](O)[C@H](O)[C@H]2O)[C@H](O)[C@@H](O)[C@@H]1O	InChI=1S/C12H22O11/c13-1-3-5(15)7(17)9(19)11(21-3)23-12-10(20)8(18)6(16)4(2-14)22-12/h3-20H,1-2H2/t3-,4-,5-,6-,7+,8+,9-,10-,11-,12-/m1/s1	alpha,alpha'-trehalose		133:208 169:326 361:209	Trehalose, alpha,alpha'- (8TMS)		2722.86	NCBITAXON:http://purl.bioontology.org/ontology/NCBITAXON/4530	Oryza sativa	Golm		MSI:2		tagfinder; manual supervised	726						not found	2026-06-18 20:17:03	not found	2026-06-18 20:17:03	split 1/30
CHEBI:30915	C5H6O5	OC(=O)CCC(=O)C(O)=O	InChI=1S/C5H6O5/c6-3(5(9)10)1-2-4(7)8/h1-2H2,(H,7,8)(H,9,10)	Glutaric acid, 2-oxo-		89:252 156:245 198:267	Glutaric acid, 2-oxo- (1MEOX) (2TMS) MP		1586.27	NCBITAXON:http://purl.bioontology.org/ontology/NCBITAXON/4530	Oryza sativa	Golm		MSI:2		tagfinder; manual supervised	995						failed	2026-06-18 20:17:03	not found	2026-06-18 20:17:03	split 1/30
CHEBI:15741	C4H6O4	OC(=O)CCC(O)=O	InChI=1S/C4H6O4/c5-3(6)1-2-4(7)8/h1-2H2,(H,5,6)(H,7,8)	Succinic acid		247:226	Succinic acid (2TMS)		1312.83	NCBITAXON:http://purl.bioontology.org/ontology/NCBITAXON/4530	Oryza sativa	Golm		MSI:2		tagfinder; manual supervised						RM0134982	not found	2026-06-18 20:17:03	first assignment	2026-06-18 20:17:03	split 1/30
CHEBI:16449	C3H7NO2	CC(N)C(O)=O	InChI=1S/C3H7NO2/c1-2(4)3(5)6/h2H,4H2,1H3,(H,5,6)	Alanine		88:238 89:491 115:229 218:235	Alanine (2TMS)		1072.53	NCBITAXON:http://purl.bioontology.org/ontology/NCBITAXON/4530	Oryza sativa	Golm		MSI:2		tagfinder; manual supervised	690				CHEBI:16449	RM0135898	first assignment	2026-06-18 20:17:03	first assignment	2026-06-18 20:17:03	split 1/30
CHEBI:22653	C4H8N2O3	NC(CC(N)=O)C(O)=O	InChI=1S/C4H8N2O3/c5-2(4(8)9)1-3(6)7/h2H,1,5H2,(H2,6,7)(H,8,9)	Asparagine		117:222 118:230 128:265 129:223 131:337 132:226 160:252	Asparagine (2TMS)		1613.1	NCBITAXON:http://purl.bioontology.org/ontology/NCBITAXON/4530	Oryza sativa	Golm		MSI:2		tagfinder; manual supervised	991				CHEBI:22653	RM0135724	first assignment	2026-06-18 20:17:03	first assignment	2026-06-18 20:17:03	split 1/30
CHEBI:22653	C4H8N2O3	NC(CC(N)=O)C(O)=O	InChI=1S/C4H8N2O3/c5-2(4(8)9)1-3(6)7/h2H,1,5H2,(H2,6,7)(H,8,9)	Asparagine		114:318 115:348 117:411 128:284 130:304 142:280 189:276 202:350 218:321	Asparagine (3TMS)		1674.51	NCBITAXON:http://purl.bioontology.org/ontology/NCBITAXON/4530	Oryza sativa	Golm		MSI:2		tagfinder; manual supervised	976				CHEBI:22653	RM0135724	first assignment	2026-06-18 20:17:03	first assignment	2026-06-18 20:17:03	split 1/30
CHEBI:15428	C2H5NO2	NCC(O)=O	InChI=1S/C2H5NO2/c3-1-2(4)5/h1,3H2,(H,4,5)	Glycine		117:289 130:278 131:298	Glycine (3TMS)		1303.62	NCBITAXON:http://purl.bioontology.org/ontology/NCBITAXON/4530	Oryza sativa	Golm		MSI:2		tagfinder; manual supervised	999				CHEBI:15428	RM0135888	first assignment	2026-06-18 20:17:03	first assignment	2026-06-18 20:17:03	split 1/30
CHEBI:24898	C6H13NO2			Isoleucine		158:893	Isoleucine (2TMS)		1287.56	NCBITAXON:http://purl.bioontology.org/ontology/NCBITAXON/4530	Oryza sativa	Golm		MSI:2		tagfinder; manual supervised					CHEBI:24898	RM0134975	first assignment	2026-06-18 20:17:03	first assignment	2026-06-18 20:17:03	split 1/30
CHEBI:17822	C3H7NO3	NC(CO)C(O)=O	InChI=1S/C3H7NO3/c4-2(1-5)3(6)7/h2,5H,1,4H2,(H,6,7)	Serine		188:443 189:246 206:274 219:326	Serine (3TMS)		1358.68	NCBITAXON:http://purl.bioontology.org/ontology/NCBITAXON/4530	Oryza sativa	Golm		MSI:2		tagfinder; manual supervised	991				CHEBI:17822	RM0032433	first assignment	2026-06-18 20:17:03	first assignment	2026-06-18 20:17:03	split 1/30
CHEBI:17822	C3H7NO3	NC(CO)C(O)=O	InChI=1S/C3H7NO3/c4-2(1-5)3(6)7/h2,5H,1,4H2,(H,6,7)	Serine		100:379 101:210 116:3192 130:372 133:483 144:492	Serine (2TMS)		1250.64	NCBITAXON:http://purl.bioontology.org/ontology/NCBITAXON/4530	Oryza sativa	Golm		MSI:2		tagfinder; manual supervised	997				CHEBI:17822	RM0032433	first assignment	2026-06-18 20:17:03	first assignment	2026-06-18 20:17:03	split 1/30
CHEBI:27266	C5H11NO2	CC(C)C(N)C(O)=O	InChI=1S/C5H11NO2/c1-3(2)4(6)5(7)8/h3-4H,6H2,1-2H3,(H,7,8)	Valine		100:491 145:435 218:439	Valine (2TMS)		1200.55	NCBITAXON:http://purl.bioontology.org/ontology/NCBITAXON/4530	Oryza sativa	Golm		MSI:2		tagfinder; manual supervised	968				CHEBI:27266	RM0136018	first assignment	2026-06-18 20:17:03	first assignment	2026-06-18 20:17:03	split 1/30
CHEBI:143534	C3H3D4NO2	C(C(C([2H])([2H])[2H])(N([H])[H])[2H])(=O)O[H]	InChI=1S/C3H7NO2/c1-2(4)3(5)6/h2H,4H2,1H3,(H,5,6)/i1D3,2D	Alanine, 2,3,3,3-d4-		76:455 87:207 88:203 90:286 101:311 104:455 115:196 119:643 120:14307 122:538 131:268 132:287	Alanine, 2,3,3,3-d4- (2TMS)		1070.61	NCBITAXON:http://purl.bioontology.org/ontology/NCBITAXON/4530	Oryza sativa	Golm		MSI:2		tagfinder; manual supervised	998						not found	2026-06-18 20:17:03	not found	2026-06-18 20:17:03	split 1/30
unknown				A112003-101		130:2446 174:1318 188:1076	A112003-101		1110.22	NCBITAXON:http://purl.bioontology.org/ontology/NCBITAXON/4530	Oryza sativa	Golm		MSI:2		tagfinder; manual supervised	998						failed	2026-06-18 20:17:03	not found	2026-06-18 20:17:03	split 1/30
unknown				A145016-101_NA145016		128:191 172:245 173:252	NA145016		1470.86	NCBITAXON:http://purl.bioontology.org/ontology/NCBITAXON/4530	Oryza sativa	Golm		MSI:2		tagfinder; manual supervised	986						failed	2026-06-18 20:17:03	not found	2026-06-18 20:17:03	split 1/30
unknown				A147011-101_NA147011		82:202 84:220 105:211 133:232 172:213 173:232	NA147011		1481.54	NCBITAXON:http://purl.bioontology.org/ontology/NCBITAXON/4530	Oryza sativa	Golm		MSI:2		tagfinder; manual supervised	961						failed	2026-06-18 20:17:03	not found	2026-06-18 20:17:03	split 1/30
unknown				A155004-101		129:457 219:517	A155004-101		1556.44	NCBITAXON:http://purl.bioontology.org/ontology/NCBITAXON/4530	Oryza sativa	Golm		MSI:2		tagfinder; manual supervised							failed	2026-06-18 20:17:03	not found	2026-06-18 20:17:03	split 1/30
unknown				A159003-101		116:264 117:756 118:208 205:294	A159003-101		1586.98	NCBITAXON:http://purl.bioontology.org/ontology/NCBITAXON/4530	Oryza sativa	Golm		MSI:2		tagfinder; manual supervised	984						failed	2026-06-18 20:17:03	not found	2026-06-18 20:17:03	split 1/30
unknown				A174001-101_NA174001		189:399 191:222 206:282 218:300 219:208 232:202 333:197 394:198	NA174001		1732.36	NCBITAXON:http://purl.bioontology.org/ontology/NCBITAXON/4530	Oryza sativa	Golm		MSI:2		tagfinder; manual supervised	989						failed	2026-06-18 20:17:03	not found	2026-06-18 20:17:03	split 1/30
unknown				A180002-101_similar to Fructose Derivate		129:437 133:349 218:352	similar to Fructose Derivate		1787.24	NCBITAXON:http://purl.bioontology.org/ontology/NCBITAXON/4530	Oryza sativa	Golm		MSI:2		tagfinder; manual supervised	985						failed	2026-06-18 20:17:03	not found	2026-06-18 20:17:03	split 1/30
unknown				A181004-101_similar to Fructose Derivate		103:329 117:224 129:300 133:284 218:281 219:210	similar to Fructose Derivate		1794.31	NCBITAXON:http://purl.bioontology.org/ontology/NCBITAXON/4530	Oryza sativa	Golm		MSI:2		tagfinder; manual supervised	980						failed	2026-06-18 20:17:03	not found	2026-06-18 20:17:03	split 1/30
unknown				A211001-101_NA211001		133:202 205:343 217:238 319:303	NA211001		2129.15	NCBITAXON:http://purl.bioontology.org/ontology/NCBITAXON/4530	Oryza sativa	Golm		MSI:2		tagfinder; manual supervised	983						failed	2026-06-18 20:17:03	not found	2026-06-18 20:17:03	split 1/30
unknown				A237001-101		204:230 217:242	A237001-101		2384.94	NCBITAXON:http://purl.bioontology.org/ontology/NCBITAXON/4530	Oryza sativa	Golm		MSI:2		tagfinder; manual supervised							failed	2026-06-18 20:17:03	not found	2026-06-18 20:17:03	split 1/30
unknown				A250001-101		103:479 117:510 129:463 217:437	A250001-101		2492.2	NCBITAXON:http://purl.bioontology.org/ontology/NCBITAXON/4530	Oryza sativa	Golm		MSI:2		tagfinder; manual supervised	997						failed	2026-06-18 20:17:03	not found	2026-06-18 20:17:03	split 1/30
CHEBI:16000	C2H7NO	NCCO	InChI=1S/C2H7NO/c3-1-2-4/h4H,1-3H2	Ethanolamine		87:239 101:244 130:246	Ethanolamine (3TMS)		1258.64	NCBITAXON:http://purl.bioontology.org/ontology/NCBITAXON/4530	Oryza sativa	Golm		MSI:2		tagfinder; manual supervised	981				CHEBI:16000	RM0040238	first assignment	2026-06-18 20:17:03	first assignment	2026-06-18 20:17:03	split 1/30
CHEBI:17148	C4H12N2	NCCCCN	InChI=1S/C4H12N2/c5-3-1-2-4-6/h1-6H2	Putrescine		174:497	Putrescine (4TMS)		1738.12	NCBITAXON:http://purl.bioontology.org/ontology/NCBITAXON/4530	Oryza sativa	Golm		MSI:2		tagfinder; manual supervised					CHEBI:17148	RM0139715	first assignment	2026-06-18 20:17:03	first assignment	2026-06-18 20:17:03	split 1/30
CHEBI:16540	C5H5NO	Oc1ccccn1	InChI=1S/C5H5NO/c7-5-3-1-2-4-6-5/h1-4H,(H,6,7)	Pyridine, 2-hydroxy-		122:204 166:223	Pyridine, 2-hydroxy- (1TMS)		1009.42	NCBITAXON:http://purl.bioontology.org/ontology/NCBITAXON/4530	Oryza sativa	Golm		MSI:2		tagfinder; manual supervised							failed	2026-06-18 20:17:03	not found	2026-06-18 20:17:03	split 1/30
CHEBI:17553	C2H8NO4P	NCCOP(O)(O)=O	InChI=1S/C2H8NO4P/c3-1-2-7-8(4,5)6/h1-3H2,(H2,4,5,6)	Ethanolaminephosphate		114:282 172:292 174:281 299:237	Ethanolaminephosphate (4TMS)		1775.19	NCBITAXON:http://purl.bioontology.org/ontology/NCBITAXON/4530	Oryza sativa	Golm		MSI:2		tagfinder; manual supervised	963					RM0060581	failed	2026-06-18 20:17:03	first assignment	2026-06-18 20:17:03	split 1/30
CHEBI:26984	C4H8O5	OC[C@@H](O)[C@H](O)C(O)=O	InChI=1S/C4H8O5/c5-1-2(6)3(7)4(8)9/h2-3,5-7H,1H2,(H,8,9)/t2-,3+/m1/s1	Threonic acid		83:196 129:213 131:233 133:243 205:233 217:231 220:233 292:249	Threonic acid (4TMS)		1562.68	NCBITAXON:http://purl.bioontology.org/ontology/NCBITAXON/4530	Oryza sativa	Golm		MSI:2		tagfinder; manual supervised	879					RM0049431	not found	2026-06-18 20:17:03	first assignment	2026-06-18 20:17:03	split 1/30
CHEBI:17268	C6H12O6	O[C@H]1[C@H](O)[C@@H](O)[C@H](O)[C@H](O)[C@@H]1O	InChI=1S/C6H12O6/c7-1-2(8)4(10)6(12)5(11)3(1)9/h1-12H/t1-,2-,3-,4+,5-,6-	Inositol, myo-		218:1666 306:1371 318:2329	Inositol, myo- (6TMS)		2111.96	NCBITAXON:http://purl.bioontology.org/ontology/NCBITAXON/4530	Oryza sativa	Golm		MSI:2		tagfinder; manual supervised	993					RM0136735	failed	2026-06-18 20:17:03	first assignment	2026-06-18 20:17:03	split 1/30
CHEBI:15963	C5H12O5	OC[C@H](O)[C@H](O)[C@H](O)CO	InChI=1S/C5H12O5/c6-1-3(8)5(10)4(9)2-7/h3-10H,1-2H2/t3-,4+,5-	Ribitol		190:256 191:356 203:262 206:342 207:243 219:346 229:227 243:257 277:232 307:383 320:251	Ribitol (5TMS)		1716.5	NCBITAXON:http://purl.bioontology.org/ontology/NCBITAXON/4530	Oryza sativa	Golm		MSI:2		tagfinder; manual supervised	944				CHEBI:15963	RM0155896	first assignment	2026-06-18 20:17:03	first assignment	2026-06-18 20:17:03	split 1/30
CHEBI:28757	C6H12O6			Fructose		172:4392 173:5034 191:4864	Fructose (1MEOX) (5TMS) MP		1861.36	NCBITAXON:http://purl.bioontology.org/ontology/NCBITAXON/4530	Oryza sativa	Golm		MSI:2		tagfinder; manual supervised	999				CHEBI:28757	RM0136734	first assignment	2026-06-18 20:17:03	first assignment	2026-06-18 20:17:03	split 1/30
CHEBI:37661	C6H12O6			Glucopyranose		103:218 129:211 232:206	Glucopyranose [-H20] (4TMS)		1758.58	NCBITAXON:http://purl.bioontology.org/ontology/NCBITAXON/4530	Oryza sativa	Golm		MSI:2		tagfinder; manual supervised	993				CHEBI:37661	RM0135901	first assignment	2026-06-18 20:17:03	first assignment	2026-06-18 20:17:03	split 1/30
CHEBI:37661	C6H12O6			Glucopyranose		83:309 85:304 88:214 97:221 99:328 102:266 105:296 109:290 111:270 113:301 115:330 118:280 119:346 130:444 132:260 134:353 135:282 142:218 145:295 155:283 161:220 169:457 175:268 177:256 190:455 191:4980 194:216 203:507 204:7366 205:2802 207:431 217:2394 219:431 221:305 233:209 243:325 271:206 291:303 305:279 319:208 345:210	Glucopyranose (5TMS)		1983.08	NCBITAXON:http://purl.bioontology.org/ontology/NCBITAXON/4530	Oryza sativa	Golm		MSI:2		tagfinder; manual supervised	970				CHEBI:37661	RM0135901	first assignment	2026-06-18 20:17:03	first assignment	2026-06-18 20:17:03	split 1/30
CHEBI:17234	C6H12O6			Glucose		207:1510 218:1357 229:1796	Glucose (1MEOX) (5TMS) BP		1915.68	NCBITAXON:http://purl.bioontology.org/ontology/NCBITAXON/4530	Oryza sativa	Golm		MSI:2		tagfinder; manual supervised	999				CHEBI:17234	RM0135901	first assignment	2026-06-18 20:17:03	first assignment	2026-06-18 20:17:03	split 1/30
CHEBI:6650	C4H6O5	OC(CC(O)=O)C(O)=O	InChI=1S/C4H6O5/c5-2(4(8)9)1-3(6)7/h2,5H,1H2,(H,6,7)(H,8,9)	Malic acid		89:331 120:192 163:205 172:258 175:3860 178:235 185:204 189:5636 190:4177 191:3585 193:271 204:247 205:246 207:224 219:250 222:246 223:201 233:8507 245:4185 264:279 267:230 309:261 320:200 337:220	Malic acid (3TMS)		1480.1	NCBITAXON:http://purl.bioontology.org/ontology/NCBITAXON/4530	Oryza sativa	Golm		MSI:2		tagfinder; manual supervised	991					RM0135894	not found	2026-06-18 20:17:03	first assignment	2026-06-18 20:17:03	split 1/30
CHEBI:16995	C2H2O4	OC(=O)C(O)=O	InChI=1S/C2H2O4/c3-1(4)2(5)6/h(H,3,4)(H,5,6)	Oxalic acid		131:564 133:640 190:730	Oxalic acid (2TMS)		1116.16	NCBITAXON:http://purl.bioontology.org/ontology/NCBITAXON/4530	Oryza sativa	Golm		MSI:2		tagfinder; manual supervised	998					RM0149940	not found	2026-06-18 20:17:03	first assignment	2026-06-18 20:17:03	split 1/30
CHEBI:15428	C2H5NO2	NCC(O)=O	InChI=1S/C2H5NO2/c3-1-2(4)5/h1,3H2,(H,4,5)	Glycine		85:275 88:304 102:302 103:255 115:255 116:267 118:233 132:270 134:289 135:271 144:273 158:263 172:272 174:7720 177:273 246:259 250:269	Glycine (3TMS)		1300.31	NCBITAXON:http://purl.bioontology.org/ontology/NCBITAXON/4530	Oryza sativa	Golm		MSI:2		tagfinder; manual supervised	997				CHEBI:15428	RM0135888	first assignment	2026-06-18 20:17:03	first assignment	2026-06-18 20:17:03	split 1/30
CHEBI:26271	C5H9NO2	OC(=O)C1CCCN1	InChI=1S/C5H9NO2/c7-5(8)4-2-1-3-6-4/h4,6H,1-3H2,(H,7,8)	Proline		85:269 86:284 98:251 99:326 101:276 102:219 113:250 115:238 117:240 127:222 131:300 133:412 142:21001 145:231 170:254 175:215 217:256 218:222 244:205	Proline (2TMS)		1293.83	NCBITAXON:http://purl.bioontology.org/ontology/NCBITAXON/4530	Oryza sativa	Golm		MSI:2		tagfinder; manual supervised	999				CHEBI:26271	RM0135899	first assignment	2026-06-18 20:17:03	first assignment	2026-06-18 20:17:03	split 1/30
CHEBI:16010	C5H7NO3	OC(=O)C1CCC(=O)N1	InChI=1S/C5H7NO3/c7-4-2-1-3(6-4)5(8)9/h3H,1-2H2,(H,6,7)(H,8,9)	Pyroglutamic acid		112:178 140:193 156:4290 158:261 230:266 258:228	Pyroglutamic acid (2TMS)		1526.54	NCBITAXON:http://purl.bioontology.org/ontology/NCBITAXON/4530	Oryza sativa	Golm		MSI:2		tagfinder; manual supervised	999					RM0135924	not found	2026-06-18 20:17:03	first assignment	2026-06-18 20:17:03	split 1/30
CHEBI:18237	C5H9NO4	NC(CCC(O)=O)C(O)=O	InChI=1S/C5H9NO4/c6-3(5(9)10)1-2-4(7)8/h3H,1-2,6H2,(H,7,8)(H,9,10)	Glutamic acid		112:178 140:193 156:4290 158:261 230:266 258:228	Pyroglutamic acid (2TMS)		1526.54	NCBITAXON:http://purl.bioontology.org/ontology/NCBITAXON/4530	Oryza sativa	Golm		MSI:2		tagfinder; manual supervised	999					RM0135893	not found	2026-06-18 20:17:03	first assignment	2026-06-18 20:17:03	split 1/30
CHEBI:28300	C5H10N2O3	NC(CCC(N)=O)C(O)=O	InChI=1S/C5H10N2O3/c6-3(5(9)10)1-2-4(7)8/h3H,1-2,6H2,(H2,7,8)(H,9,10)	Glutamine		112:178 140:193 156:4290 158:261 230:266 258:228	Pyroglutamic acid (2TMS)		1526.54	NCBITAXON:http://purl.bioontology.org/ontology/NCBITAXON/4530	Oryza sativa	Golm		MSI:2		tagfinder; manual supervised	999				CHEBI:28300	RM0012560	first assignment	2026-06-18 20:17:03	first assignment	2026-06-18 20:17:03	split 1/30
CHEBI:138264	[13C]6H14O6	[13CH2]([13C@H]([13C@H]([13C@H]([13C@H]([13CH2]O)O)O)O)O)O	InChI=1S/C6H14O6/c7-1-3(9)5(11)6(12)4(10)2-8/h3-12H,1-2H2/t3-,4+,5-,6+/i1+1,2+1,3+1,4+1,5+1,6+1	Sorbitol, U-13C-		119:969 132:793 161:462 220:1250 323:677	Sorbitol, U-13C- (6TMS)		1918.09	NCBITAXON:http://purl.bioontology.org/ontology/NCBITAXON/4530	Oryza sativa	Golm		MSI:2		tagfinder; manual supervised	983						failed	2026-06-18 20:17:03	not found	2026-06-18 20:17:03	split 1/30
CHEBI:28817	C12H26	CCCCCCCCCCCC	InChI=1S/C12H26/c1-3-5-7-9-11-12-10-8-6-4-2/h3-12H2,1-2H3	Dodecane, n-		84:223 98:200 99:201 112:211	Dodecane, n-		1196.6	NCBITAXON:http://purl.bioontology.org/ontology/NCBITAXON/4530	Oryza sativa	Golm		MSI:2		tagfinder; manual supervised	964						not found	2026-06-18 20:17:03	not found	2026-06-18 20:17:03	split 1/30
CHEBI:36020	C32H66	CCCCCCCCCCCCCCCCCCCCCCCCCCCCCCCC	InChI=1S/C32H66/c1-3-5-7-9-11-13-15-17-19-21-23-25-27-29-31-32-30-28-26-24-22-20-18-16-14-12-10-8-6-4-2/h3-32H2,1-2H3	Dotriacontane, n-		83:234 97:217 99:229	Dotriacontane, n-		3111.18	NCBITAXON:http://purl.bioontology.org/ontology/NCBITAXON/4530	Oryza sativa	Golm		MSI:2		tagfinder; manual supervised	990						failed	2026-06-18 20:17:03	not found	2026-06-18 20:17:03	split 1/30
CHEBI:28897	C15H32	CCCCCCCCCCCCCCC	InChI=1S/C15H32/c1-3-5-7-9-11-13-15-14-12-10-8-6-4-2/h3-15H2,1-2H3	Pentadecane, n-		83:219 84:235 86:190 98:196 112:188 113:202 127:207	Pentadecane, n-		1503.58	NCBITAXON:http://purl.bioontology.org/ontology/NCBITAXON/4530	Oryza sativa	Golm		MSI:2		tagfinder; manual supervised	968						not found	2026-06-18 20:17:03	not found	2026-06-18 20:17:03	split 1/30
unknown				A145016-101_NA145016 (classified unknown)		89:373 117:298 133:300 172:295	NA145016 (classified unknown)		1458.51	NCBITAXON:http://purl.bioontology.org/ontology/NCBITAXON/4530	Oryza sativa	Golm		MSI:2		tagfinder; manual supervised	997						failed	2026-06-18 20:17:03	not found	2026-06-18 20:17:03	split 1/30
unknown				A146017-101_Unknown#bth-pae-065		117:261 131:262 133:305 219:223 320:226	Unknown#bth-pae-065		1464.16	NCBITAXON:http://purl.bioontology.org/ontology/NCBITAXON/4530	Oryza sativa	Golm		MSI:2		tagfinder; manual supervised	945						failed	2026-06-18 20:17:03	not found	2026-06-18 20:17:03	split 1/30
unknown				A147011-101_NA147011 (classified unknown)		100:204 105:242 114:259 173:289 262:214	NA147011 (classified unknown)		1468.52	NCBITAXON:http://purl.bioontology.org/ontology/NCBITAXON/4530	Oryza sativa	Golm		MSI:2		tagfinder; manual supervised	914						failed	2026-06-18 20:17:03	not found	2026-06-18 20:17:03	split 1/30
CHEBI:16000	C2H7NO	NCCO	InChI=1S/C2H7NO/c3-1-2-4/h4H,1-3H2	Ethanolamine		85:182 86:5742 88:278 100:5640 117:322 172:235 174:13490	Ethanolamine (3TMS)		1258.14	NCBITAXON:http://purl.bioontology.org/ontology/NCBITAXON/4530	Oryza sativa	Golm		MSI:2		tagfinder; manual supervised	997				CHEBI:16000	RM0040238	first assignment	2026-06-18 20:17:03	first assignment	2026-06-18 20:17:03	split 1/30
CHEBI:26078	H3O4P	[H]OP(=O)(O[H])O[H]	InChI=1S/H3O4P/c1-5(2,3)4/h(H3,1,2,3,4)	Phosphoric acid		91:333 93:199 106:213 107:427 109:207 120:232 123:319 135:2838 136:270 139:197 145:201 152:200 153:215 165:375 166:209 180:185 182:228 184:197 190:211 193:2351 194:355 195:403 197:205 208:375 209:311 210:196 226:241 227:309 269:210 284:352 285:241 299:29075 300:7239 301:3256 302:405 313:207 314:2679 315:531 316:287	Phosphoric acid (3TMS)		1262.29	NCBITAXON:http://purl.bioontology.org/ontology/NCBITAXON/4530	Oryza sativa	Golm		MSI:2		tagfinder; manual supervised	995					RM0032341	not found	2026-06-18 20:17:03	first assignment	2026-06-18 20:17:03	split 1/30
CHEBI:17268	C6H12O6	O[C@H]1[C@H](O)[C@@H](O)[C@H](O)[C@H](O)[C@@H]1O	InChI=1S/C6H12O6/c7-1-2(8)4(10)6(12)5(11)3(1)9/h1-12H/t1-,2-,3-,4+,5-,6-	Inositol, myo-		83:321 85:290 87:344 89:240 99:300 102:267 105:361 111:320 113:287 115:306 116:343 119:338 127:291 129:8355 132:325 133:6205 135:385 141:224 144:260 145:255 150:257 159:201 161:335 175:258 191:10970 201:182 203:317 204:3838 206:332 208:197 215:251 217:18234 220:233 222:317 223:233 230:272 231:230 243:299 267:283 292:244 293:297 304:265 305:10588 308:297 317:251 318:4209 321:238 343:210 367:338 369:196 393:244 434:242 507:199	Inositol, myo- (6TMS)		2080.21	NCBITAXON:http://purl.bioontology.org/ontology/NCBITAXON/4530	Oryza sativa	Golm		MSI:2		tagfinder; manual supervised	989					RM0136735	failed	2026-06-18 20:17:03	first assignment	2026-06-18 20:17:03	split 1/30
CHEBI:26981	C4H10O4			Threitol		103:400 117:299 133:205 217:288	Threitol (4TMS)		1487.61	NCBITAXON:http://purl.bioontology.org/ontology/NCBITAXON/4530	Oryza sativa	Golm		MSI:2		tagfinder; manual supervised	940				CHEBI:26981	RM0162751	first assignment	2026-06-18 20:17:03	first assignment	2026-06-18 20:17:03	split 1/30
unknown				A114002-101_NA114002		84:275 86:6207 103:2624 114:214 131:1507 133:10030 134:849 146:2408 160:1066 191:224 206:230 220:1668 222:225 235:1103 237:232	NA114002		1126.83	NCBITAXON:http://purl.bioontology.org/ontology/NCBITAXON/4530	Oryza sativa	Golm		MSI:2		tagfinder; manual supervised	951						failed	2026-06-18 20:17:03	not found	2026-06-18 20:17:03	split 1/30
CHEBI:46807	C4H10O3	OCCOCCO	InChI=1S/C4H10O3/c5-1-3-7-4-2-6/h5-6H,1-4H2	Diethylenglycol		76:293 87:489 89:401 102:304 104:293 115:242 117:17488 133:447 145:313 191:314	Diethylenglycol (2TMS)		1234.21	NCBITAXON:http://purl.bioontology.org/ontology/NCBITAXON/4530	Oryza sativa	Golm		MSI:2		tagfinder; manual supervised	996						failed	2026-06-18 20:17:03	not found	2026-06-18 20:17:03	split 1/30
CHEBI:28757	C6H12O6			Fructose		81:453 97:369 121:295 154:427 155:342 173:9404 189:17137 283:196 290:202 306:806	Fructose (1MEOX) (5TMS) BP		1862.72	NCBITAXON:http://purl.bioontology.org/ontology/NCBITAXON/4530	Oryza sativa	Golm		MSI:2		tagfinder; manual supervised	993				CHEBI:28757	RM0136734	first assignment	2026-06-18 20:17:03	first assignment	2026-06-18 20:17:03	split 1/30
CHEBI:17234	C6H12O6			Glucose		117:20714 139:189 160:29100 162:1600 205:45388	Glucose (1MEOX) (5TMS) BP		1898.8	NCBITAXON:http://purl.bioontology.org/ontology/NCBITAXON/4530	Oryza sativa	Golm		MSI:2		tagfinder; manual supervised	999				CHEBI:17234	RM0135901	first assignment	2026-06-18 20:17:03	first assignment	2026-06-18 20:17:03	split 1/30
CHEBI:17992	C12H22O11	OC[C@H]1O[C@H](O[C@]2(CO)O[C@H](CO)[C@@H](O)[C@@H]2O)[C@H](O)[C@@H](O)[C@@H]1O	InChI=1S/C12H22O11/c13-1-4-6(16)8(18)9(19)11(21-4)23-12(3-15)10(20)7(17)5(2-14)22-12/h4-11,13-20H,1-3H2/t4-,5-,6-,7-,8+,9-,10+,11-,12+/m1/s1	Sucrose		362:43070 363:19532 364:4039	Sucrose (8TMS)		2623.25	NCBITAXON:http://purl.bioontology.org/ontology/NCBITAXON/4530	Oryza sativa	Golm		MSI:2		tagfinder; manual supervised	998				CHEBI:17992	RM0159895	first assignment	2026-06-18 20:17:03	first assignment	2026-06-18 20:17:03	split 1/30
CHEBI:16914	C7H6O3	OC(=O)c1ccccc1O	InChI=1S/C7H6O3/c8-6-4-2-1-3-5(6)7(9)10/h1-4,8H,(H,9,10)	Salicylic acid		91:309 209:203 268:211	Salicylic acid (2TMS)		1511.37	NCBITAXON:http://purl.bioontology.org/ontology/NCBITAXON/4530	Oryza sativa	Golm		MSI:2		tagfinder; manual supervised	988					RM0136132	not found	2026-06-18 20:17:03	first assignment	2026-06-18 20:17:03	split 1/30
CHEBI:15741	C4H6O4	OC(=O)CCC(O)=O	InChI=1S/C4H6O4/c5-3(6)1-2-4(7)8/h1-2H2,(H,5,6)(H,7,8)	Succinic acid		116:213 131:206 133:217 172:224	Succinic acid (2TMS)		1309.36	NCBITAXON:http://purl.bioontology.org/ontology/NCBITAXON/4530	Oryza sativa	Golm		MSI:2		tagfinder; manual supervised	956					RM0134982	not found	2026-06-18 20:17:03	first assignment	2026-06-18 20:17:03	split 1/30
CHEBI:16449	C3H7NO2	CC(N)C(O)=O	InChI=1S/C3H7NO2/c1-2(4)3(5)6/h2H,4H2,1H3,(H,5,6)	Alanine		102:234 115:249 128:263	Alanine (2TMS)		1085.79	NCBITAXON:http://purl.bioontology.org/ontology/NCBITAXON/4530	Oryza sativa	Golm		MSI:2		tagfinder; manual supervised	983				CHEBI:16449	RM0135898	first assignment	2026-06-18 20:17:03	first assignment	2026-06-18 20:17:03	split 1/30
CHEBI:22653	C4H8N2O3	NC(CC(N)=O)C(O)=O	InChI=1S/C4H8N2O3/c5-2(4(8)9)1-3(6)7/h2H,1,5H2,(H2,6,7)(H,8,9)	Asparagine		76:547 100:687 130:815 131:478	Asparagine (2TMS)		1605.5	NCBITAXON:http://purl.bioontology.org/ontology/NCBITAXON/4530	Oryza sativa	Golm		MSI:2		tagfinder; manual supervised	999				CHEBI:22653	RM0135724	first assignment	2026-06-18 20:17:03	first assignment	2026-06-18 20:17:03	split 1/30
CHEBI:22653	C4H8N2O3	NC(CC(N)=O)C(O)=O	InChI=1S/C4H8N2O3/c5-2(4(8)9)1-3(6)7/h2H,1,5H2,(H2,6,7)(H,8,9)	Asparagine		85:302 87:330 88:211 90:350 99:303 113:233 119:252 126:204 129:301 131:3051 135:222 140:216 146:323 158:226 160:258 169:340 174:301 188:4914 203:310 204:378 216:340 219:272 220:210 231:5450 243:307 244:206 259:247 348:214	Asparagine (3TMS)		1672.53	NCBITAXON:http://purl.bioontology.org/ontology/NCBITAXON/4530	Oryza sativa	Golm		MSI:2		tagfinder; manual supervised	986				CHEBI:22653	RM0135724	first assignment	2026-06-18 20:17:03	first assignment	2026-06-18 20:17:03	split 1/30
CHEBI:22660	C4H7NO4	NC(CC(O)=O)C(O)=O	InChI=1S/C4H7NO4/c5-2(4(8)9)1-3(6)7/h2H,1,5H2,(H,6,7)(H,8,9)	Aspartic acid		116:1149 117:1291 130:1480 160:2564	Aspartic acid (2TMS)		1423.08	NCBITAXON:http://purl.bioontology.org/ontology/NCBITAXON/4530	Oryza sativa	Golm		MSI:2		tagfinder; manual supervised	999					RM0135905	not found	2026-06-18 20:17:03	first assignment	2026-06-18 20:17:03	split 1/30
CHEBI:22660	C4H7NO4	NC(CC(O)=O)C(O)=O	InChI=1S/C4H7NO4/c5-2(4(8)9)1-3(6)7/h2H,1,5H2,(H,6,7)(H,8,9)	Aspartic acid		86:221 100:3000 102:231 115:242 119:204 132:232 142:232 163:227 174:200 189:200 216:220 219:220 232:2963	Aspartic acid (3TMS)		1515.22	NCBITAXON:http://purl.bioontology.org/ontology/NCBITAXON/4530	Oryza sativa	Golm		MSI:2		tagfinder; manual supervised	971					RM0135905	not found	2026-06-18 20:17:03	first assignment	2026-06-18 20:17:03	split 1/30
CHEBI:16865	C4H9NO2	NCCCC(O)=O	InChI=1S/C4H9NO2/c5-3-1-2-4(6)7/h1-3,5H2,(H,6,7)	Butanoic acid, 4-amino-		77:396 82:206 100:3796 118:224 135:219 170:200 174:16038 175:3823 217:299 230:200 247:209 304:2220	Butanoic acid, 4-amino- (3TMS)		1528.84	NCBITAXON:http://purl.bioontology.org/ontology/NCBITAXON/4530	Oryza sativa	Golm		MSI:2		tagfinder; manual supervised	992						failed	2026-06-18 20:17:03	not found	2026-06-18 20:17:03	split 1/30
CHEBI:18237	C5H9NO4	NC(CCC(O)=O)C(O)=O	InChI=1S/C5H9NO4/c6-3(5(9)10)1-2-4(7)8/h3H,1-2,6H2,(H,7,8)(H,9,10)	Glutamic acid		101:230 116:289 146:230 159:296 173:235 176:224 230:280 276:245	Glutamic acid (2TMS)		1533.94	NCBITAXON:http://purl.bioontology.org/ontology/NCBITAXON/4530	Oryza sativa	Golm		MSI:2		tagfinder; manual supervised	952					RM0135893	not found	2026-06-18 20:17:03	first assignment	2026-06-18 20:17:03	split 1/30
CHEBI:28300	C5H10N2O3	NC(CCC(N)=O)C(O)=O	InChI=1S/C5H10N2O3/c6-3(5(9)10)1-2-4(7)8/h3H,1-2,6H2,(H2,7,8)(H,9,10)	Glutamine		76:307 84:280 101:209 112:218 114:338 115:302 116:305 130:245 132:235 139:333 142:234 145:286 156:7940 158:280 203:322 229:228	Glutamine (3TMS)		1772.83	NCBITAXON:http://purl.bioontology.org/ontology/NCBITAXON/4530	Oryza sativa	Golm		MSI:2		tagfinder; manual supervised	997				CHEBI:28300	RM0012560	first assignment	2026-06-18 20:17:03	first assignment	2026-06-18 20:17:03	split 1/30
CHEBI:24898	C6H13NO2			Isoleucine		102:255 103:204 158:1872 160:272	Isoleucine (2TMS)		1285.82	NCBITAXON:http://purl.bioontology.org/ontology/NCBITAXON/4530	Oryza sativa	Golm		MSI:2		tagfinder; manual supervised	987				CHEBI:24898	RM0134975	first assignment	2026-06-18 20:17:03	first assignment	2026-06-18 20:17:03	split 1/30
CHEBI:28044	C9H11NO2	NC(Cc1ccccc1)C(O)=O	InChI=1S/C9H11NO2/c10-8(9(11)12)6-7-4-2-1-3-5-7/h1-5,8H,6,10H2,(H,11,12)	Phenylalanine		100:359 192:422 218:351	Phenylalanine (2TMS)		1632.9	NCBITAXON:http://purl.bioontology.org/ontology/NCBITAXON/4530	Oryza sativa	Golm		MSI:2		tagfinder; manual supervised	941				CHEBI:28044	RM0135897	first assignment	2026-06-18 20:17:03	first assignment	2026-06-18 20:17:03	split 1/30
CHEBI:28044	C9H11NO2	NC(Cc1ccccc1)C(O)=O	InChI=1S/C9H11NO2/c10-8(9(11)12)6-7-4-2-1-3-5-7/h1-5,8H,6,10H2,(H,11,12)	Phenylalanine		77:280 91:253 130:239	Phenylalanine (1TMS)		1559.56	NCBITAXON:http://purl.bioontology.org/ontology/NCBITAXON/4530	Oryza sativa	Golm		MSI:2		tagfinder; manual supervised	925				CHEBI:28044	RM0135897	first assignment	2026-06-18 20:17:03	first assignment	2026-06-18 20:17:03	split 1/30
CHEBI:26271	C5H9NO2	OC(=O)C1CCCN1	InChI=1S/C5H9NO2/c7-5(8)4-2-1-3-6-4/h4,6H,1-3H2,(H,7,8)	Proline		143:275 187:203 216:261	Proline [+CO2] (2TMS)		1587.62	NCBITAXON:http://purl.bioontology.org/ontology/NCBITAXON/4530	Oryza sativa	Golm		MSI:2		tagfinder; manual supervised	991				CHEBI:26271	RM0135899	first assignment	2026-06-18 20:17:03	first assignment	2026-06-18 20:17:03	split 1/30
CHEBI:17822	C3H7NO3	NC(CO)C(O)=O	InChI=1S/C3H7NO3/c4-2(1-5)3(6)7/h2,5H,1,4H2,(H,6,7)	Serine		76:212 88:203 100:222 117:308 118:193 130:207 133:264 144:268 146:215 159:191	Serine (2TMS)		1251.08	NCBITAXON:http://purl.bioontology.org/ontology/NCBITAXON/4530	Oryza sativa	Golm		MSI:2		tagfinder; manual supervised	960				CHEBI:17822	RM0032433	first assignment	2026-06-18 20:17:03	first assignment	2026-06-18 20:17:03	split 1/30
CHEBI:17822	C3H7NO3	NC(CO)C(O)=O	InChI=1S/C3H7NO3/c4-2(1-5)3(6)7/h2,5H,1,4H2,(H,6,7)	Serine		76:244 84:223 87:220 88:248 89:248 100:3442 101:459 114:383 117:416 118:206 119:213 134:216 163:214 174:216 190:215 204:5095 206:384 218:2634 219:449	Serine (3TMS)		1352.37	NCBITAXON:http://purl.bioontology.org/ontology/NCBITAXON/4530	Oryza sativa	Golm		MSI:2		tagfinder; manual supervised	983				CHEBI:17822	RM0032433	first assignment	2026-06-18 20:17:03	first assignment	2026-06-18 20:17:03	split 1/30
CHEBI:26986	C4H9NO3	CC(O)C(N)C(O)=O	InChI=1S/C4H9NO3/c1-2(6)3(5)4(7)8/h2-3,6H,5H2,1H3,(H,7,8)	Threonine		102:286 118:272 131:289 132:277 133:301 220:305 255:211 291:278	Threonine (3TMS)		1378.25	NCBITAXON:http://purl.bioontology.org/ontology/NCBITAXON/4530	Oryza sativa	Golm		MSI:2		tagfinder; manual supervised	911				CHEBI:26986	RM0135900	first assignment	2026-06-18 20:17:03	first assignment	2026-06-18 20:17:03	split 1/30
CHEBI:27266	C5H11NO2	CC(C)C(N)C(O)=O	InChI=1S/C5H11NO2/c1-3(2)4(6)5(7)8/h3-4H,6H2,1-2H3,(H,7,8)	Valine		101:275 117:213 128:258 129:236 130:217 131:222 132:235 156:244	Valine (2TMS)		1204.08	NCBITAXON:http://purl.bioontology.org/ontology/NCBITAXON/4530	Oryza sativa	Golm		MSI:2		tagfinder; manual supervised	982				CHEBI:27266	RM0136018	first assignment	2026-06-18 20:17:03	first assignment	2026-06-18 20:17:03	split 1/30
CHEBI:143534	C3H3D4NO2	C(C(C([2H])([2H])[2H])(N([H])[H])[2H])(=O)O[H]	InChI=1S/C3H7NO2/c1-2(4)3(5)6/h2H,4H2,1H3,(H,5,6)/i1D3,2D	Alanine, 2,3,3,3-d4-		76:1318 90:493 96:469 103:1927 105:314 119:1862 120:56871 121:5738 122:1364 131:380 132:429 134:260 194:983	Alanine, 2,3,3,3-d4- (2TMS)		1084.22	NCBITAXON:http://purl.bioontology.org/ontology/NCBITAXON/4530	Oryza sativa	Golm		MSI:2		tagfinder; manual supervised	998						not found	2026-06-18 20:17:03	not found	2026-06-18 20:17:03	split 1/30
unknown				A106004-101_D106098		100:401 129:308 156:295	D106098		1056.49	NCBITAXON:http://purl.bioontology.org/ontology/NCBITAXON/4530	Oryza sativa	Golm		MSI:2		tagfinder; manual supervised	997						failed	2026-06-18 20:17:03	not found	2026-06-18 20:17:03	split 1/30
unknown				A155004-101		117:578 129:410 219:475	A155004-101		1544.95	NCBITAXON:http://purl.bioontology.org/ontology/NCBITAXON/4530	Oryza sativa	Golm		MSI:2		tagfinder; manual supervised	994						failed	2026-06-18 20:17:03	not found	2026-06-18 20:17:03	split 1/30
unknown				A159003-101		117:2864 118:306 157:226 221:176 234:346	A159003-101		1577.54	NCBITAXON:http://purl.bioontology.org/ontology/NCBITAXON/4530	Oryza sativa	Golm		MSI:2		tagfinder; manual supervised	996						failed	2026-06-18 20:17:03	not found	2026-06-18 20:17:03	split 1/30
unknown				A174001-101_NA174001		83:451 84:230 85:226 87:296 88:287 102:330 105:195 112:278 115:275 116:270 117:4900 118:362 119:279 128:301 132:279 134:228 135:198 140:242 144:196 150:192 157:455 158:209 173:303 177:235 187:250 190:257 191:412 203:187 204:239 205:5109 215:273 217:4875 219:311 221:413 222:183 229:204 231:204 232:303 233:192 245:220 257:196 305:209 306:196 319:267 333:278 334:206 394:295 395:202	NA174001		1734.33	NCBITAXON:http://purl.bioontology.org/ontology/NCBITAXON/4530	Oryza sativa	Golm		MSI:2		tagfinder; manual supervised	967						failed	2026-06-18 20:17:03	not found	2026-06-18 20:17:03	split 1/30
unknown				A203003-101		102:300 104:231 105:227 115:224 116:227 130:244 132:226 143:255 190:228 191:292 204:3223 219:215 221:269 233:225 320:243	A203003-101		2013.11	NCBITAXON:http://purl.bioontology.org/ontology/NCBITAXON/4530	Oryza sativa	Golm		MSI:2		tagfinder; manual supervised	986						failed	2026-06-18 20:17:03	not found	2026-06-18 20:17:03	split 1/30
unknown				A211001-101_NA211001		83:197 84:557 89:531 105:190 117:464 130:188 131:206 157:470 189:197 206:207 217:409 229:191 320:241	NA211001		2100	NCBITAXON:http://purl.bioontology.org/ontology/NCBITAXON/4530	Oryza sativa	Golm		MSI:2		tagfinder; manual supervised	930						failed	2026-06-18 20:17:03	not found	2026-06-18 20:17:03	split 1/30
unknown				A214004-101		83:187 89:441 104:216 117:538 129:586 131:210 133:550 157:449 172:201 189:196 206:221 217:436 229:186 319:594 320:241	A214004-101		2129.4	NCBITAXON:http://purl.bioontology.org/ontology/NCBITAXON/4530	Oryza sativa	Golm		MSI:2		tagfinder; manual supervised	959						failed	2026-06-18 20:17:03	not found	2026-06-18 20:17:03	split 1/30
unknown				A228001-101		89:235 103:268 129:217 133:300 205:234 217:234 290:255	A228001-101		2277.91	NCBITAXON:http://purl.bioontology.org/ontology/NCBITAXON/4530	Oryza sativa	Golm		MSI:2		tagfinder; manual supervised	907						failed	2026-06-18 20:17:03	not found	2026-06-18 20:17:03	split 1/30
unknown				A237001-101		103:668 204:482 217:497	A237001-101		2373.18	NCBITAXON:http://purl.bioontology.org/ontology/NCBITAXON/4530	Oryza sativa	Golm		MSI:2		tagfinder; manual supervised	986						failed	2026-06-18 20:17:03	not found	2026-06-18 20:17:03	split 1/30
unknown				A250001-101		81:195 89:374 102:191 104:211 115:228 118:235 119:193 130:235 131:373 143:302 169:306 189:333 204:10437 207:232 219:196 231:242 322:250 361:250	A250001-101		2489.47	NCBITAXON:http://purl.bioontology.org/ontology/NCBITAXON/4530	Oryza sativa	Golm		MSI:2		tagfinder; manual supervised	999						failed	2026-06-18 20:17:03	not found	2026-06-18 20:17:03	split 1/30
unknown				A254002-101		102:212 115:348 118:198 119:187 144:201 145:204 163:204 189:341 204:7871 219:6261 231:332 245:209	A254002-101		2531.41	NCBITAXON:http://purl.bioontology.org/ontology/NCBITAXON/4530	Oryza sativa	Golm		MSI:2		tagfinder; manual supervised	993						failed	2026-06-18 20:17:03	not found	2026-06-18 20:17:03	split 1/30
unknown				A285012-101_D285215		79:185 91:201 93:191 103:444 107:405 109:330 117:249 121:193 123:234 129:268 133:277 137:188 173:192 191:204 217:203 281:286	D285215		2839.05	NCBITAXON:http://purl.bioontology.org/ontology/NCBITAXON/4530	Oryza sativa	Golm		MSI:2		tagfinder; manual supervised	961						failed	2026-06-18 20:17:03	not found	2026-06-18 20:17:03	split 1/30
CHEBI:17148	C4H12N2	NCCCCN	InChI=1S/C4H12N2/c5-3-1-2-4-6/h1-6H2	Putrescine		86:1675 98:238 175:1442 201:224	Putrescine (4TMS)		1737.2	NCBITAXON:http://purl.bioontology.org/ontology/NCBITAXON/4530	Oryza sativa	Golm		MSI:2		tagfinder; manual supervised	995				CHEBI:17148	RM0139715	first assignment	2026-06-18 20:17:03	first assignment	2026-06-18 20:17:03	split 1/30
CHEBI:16540	C5H5NO	Oc1ccccn1	InChI=1S/C5H5NO/c7-5-3-1-2-4-6-5/h1-4H,(H,6,7)	Pyridine, 2-hydroxy-		83:187 97:207 122:311 152:3368 154:197 166:367 167:293	Pyridine, 2-hydroxy- (1TMS)		1027.51	NCBITAXON:http://purl.bioontology.org/ontology/NCBITAXON/4530	Oryza sativa	Golm		MSI:2		tagfinder; manual supervised	999						failed	2026-06-18 20:17:03	not found	2026-06-18 20:17:03	split 1/30
CHEBI:14314	C6H13O9P			Glucose-6-phosphate		89:214 101:212 129:251 133:219 157:197 160:255 299:230 387:249	Glucose-6-phosphate (1MEOX) (6TMS) MP		2319.45	NCBITAXON:http://purl.bioontology.org/ontology/NCBITAXON/4530	Oryza sativa	Golm		MSI:2		tagfinder; manual supervised	914					RM0136106	not found	2026-06-18 20:17:03	first assignment	2026-06-18 20:17:03	split 1/30
CHEBI:132138	C12H12O12	C123C(OC4(C5(O1)C(C(CO5)O)OC4=O)O)(C(OC2C(CO3)O)=O)O	InChI=1S/C12H12O12/c13-3-1-19-11-5(3)21-7(15)9(11,17)23-10(18)8(16)22-6-4(14)2-20-12(6,10)24-11/h3-6,13-14,17-18H,1-2H2	Dehydroascorbic acid dimer		83:254 86:201 87:193 90:205 91:212 99:250 102:220 113:246 116:311 119:201 156:214 157:4411 159:223 173:5568 175:240 176:223 231:248 246:238 317:207	Dehydroascorbic acid dimer (2MEOX) MP		1840.72	NCBITAXON:http://purl.bioontology.org/ontology/NCBITAXON/4530	Oryza sativa	Golm		MSI:2		tagfinder; manual supervised	994						failed	2026-06-18 20:17:03	not found	2026-06-18 20:17:03	split 1/30
CHEBI:37654	C4H8O5			Erythronic acid		205:209 220:204 292:214	Erythronic acid (4TMS)		1534.6	NCBITAXON:http://purl.bioontology.org/ontology/NCBITAXON/4530	Oryza sativa	Golm		MSI:2		tagfinder; manual supervised	977					RM0041611	failed	2026-06-18 20:17:03	first assignment	2026-06-18 20:17:03	split 1/30
CHEBI:33508	C3H6O4	OCC(O)C(O)=O	InChI=1S/C3H6O4/c4-1-2(5)3(6)7/h2,4-5H,1H2,(H,6,7)	Glyceric acid		85:245 87:364 88:252 99:223 102:7750 103:8253 117:5140 129:225 132:309 133:7055 150:231 163:225 177:288 189:9013 192:223 204:255 207:253 219:230 221:248 308:225	Glyceric acid (3TMS)		1321.08	NCBITAXON:http://purl.bioontology.org/ontology/NCBITAXON/4530	Oryza sativa	Golm		MSI:2		tagfinder; manual supervised	982					RM0135902	not found	2026-06-18 20:17:03	first assignment	2026-06-18 20:17:03	split 1/30
CHEBI:26984	C4H8O5	OC[C@@H](O)[C@H](O)C(O)=O	InChI=1S/C4H8O5/c5-1-2(6)3(7)4(8)9/h2-3,5-7H,1H2,(H,8,9)/t2-,3+/m1/s1	Threonic acid		130:308 133:261 205:285 217:263 220:267 292:307	Threonic acid (4TMS)		1552.54	NCBITAXON:http://purl.bioontology.org/ontology/NCBITAXON/4530	Oryza sativa	Golm		MSI:2		tagfinder; manual supervised	941					RM0049431	not found	2026-06-18 20:17:03	first assignment	2026-06-18 20:17:03	split 1/30
CHEBI:17113	C4H10O4	OC[C@H](O)[C@H](O)CO	InChI=1S/C4H10O4/c5-1-3(7)4(8)2-6/h3-8H,1-2H2/t3-,4+	Erythritol		103:1075 117:761 217:688	Erythritol (4TMS)		1496.38	NCBITAXON:http://purl.bioontology.org/ontology/NCBITAXON/4530	Oryza sativa	Golm		MSI:2		tagfinder; manual supervised	968				CHEBI:17113	RM0136218	first assignment	2026-06-18 20:17:03	first assignment	2026-06-18 20:17:03	split 1/30
CHEBI:15963	C5H12O5	OC[C@H](O)[C@H](O)[C@H](O)CO	InChI=1S/C5H12O5/c6-1-3(8)5(10)4(9)2-7/h3-10H,1-2H2/t3-,4+,5-	Ribitol		76:244 81:299 85:208 87:272 88:222 102:215 103:10162 105:398 113:233 115:235 116:315 117:3162 118:326 119:291 129:5603 132:218 134:273 143:301 145:206 155:207 163:200 175:226 177:200 190:342 192:199 205:4213 217:7741 220:212 221:234 229:228 243:317 277:281 308:263 309:206 317:220 320:337 321:230 332:235	Ribitol (5TMS)		1715.54	NCBITAXON:http://purl.bioontology.org/ontology/NCBITAXON/4530	Oryza sativa	Golm		MSI:2		tagfinder; manual supervised	984				CHEBI:15963	RM0155896	first assignment	2026-06-18 20:17:03	first assignment	2026-06-18 20:17:03	split 1/30
CHEBI:17151	C5H12O5	OC[C@H](O)[C@@H](O)[C@H](O)CO	InChI=1S/C5H12O5/c6-1-3(8)5(10)4(9)2-7/h3-10H,1-2H2/t3-,4+,5+	Xylitol		117:262 131:230 133:252 157:250 205:261 218:218 307:261	Xylitol (5TMS)		1689.86	NCBITAXON:http://purl.bioontology.org/ontology/NCBITAXON/4530	Oryza sativa	Golm		MSI:2		tagfinder; manual supervised	904				CHEBI:17151	RM0034160	first assignment	2026-06-18 20:17:03	first assignment	2026-06-18 20:17:03	split 1/30
CHEBI:18305	C12H16O7	OC[C@H]1O[C@@H](Oc2ccc(O)cc2)[C@H](O)[C@@H](O)[C@@H]1O	InChI=1S/C12H16O7/c13-5-8-9(15)10(16)11(17)12(19-8)18-7-3-1-6(14)2-4-7/h1-4,8-17H,5H2/t8-,9-,10+,11-,12-/m1/s1	4-Hydroxyphenyl-beta-glucopyranoside		81:228 89:197 101:195 131:247 133:282 143:183 157:191 191:216 218:218 243:253 255:257 271:210 361:264	4-Hydroxyphenyl-beta-glucopyranoside (5TMS)		2575.87	NCBITAXON:http://purl.bioontology.org/ontology/NCBITAXON/4530	Oryza sativa	Golm		MSI:2		tagfinder; manual supervised	929						failed	2026-06-18 20:17:03	not found	2026-06-18 20:17:03	split 1/30
CHEBI:28757	C6H12O6			Fructose		105:16005 217:166095 218:32153 300:230 348:174	Fructose (1MEOX) (5TMS) MP		1854.14	NCBITAXON:http://purl.bioontology.org/ontology/NCBITAXON/4530	Oryza sativa	Golm		MSI:2		tagfinder; manual supervised	999				CHEBI:28757	RM0136734	first assignment	2026-06-18 20:17:03	first assignment	2026-06-18 20:17:03	split 1/30
CHEBI:37661	C6H12O6			Glucopyranose		131:234 143:234 169:226 191:286 217:4116 305:177	Glucopyranose [-H20] (4TMS)		1762.1	NCBITAXON:http://purl.bioontology.org/ontology/NCBITAXON/4530	Oryza sativa	Golm		MSI:2		tagfinder; manual supervised	999				CHEBI:37661	RM0135901	first assignment	2026-06-18 20:17:03	first assignment	2026-06-18 20:17:03	split 1/30
CHEBI:17234	C6H12O6			Glucose		105:23319 117:65999 131:18655 157:54865 159:3460 160:104230 162:4775 323:382	Glucose (1MEOX) (5TMS) MP		1875.6	NCBITAXON:http://purl.bioontology.org/ontology/NCBITAXON/4530	Oryza sativa	Golm		MSI:2		tagfinder; manual supervised	994				CHEBI:17234	RM0135901	first assignment	2026-06-18 20:17:03	first assignment	2026-06-18 20:17:03	split 1/30
CHEBI:16551	C12H22O11	OC[C@H]1O[C@H](O[C@H]2O[C@H](CO)[C@@H](O)[C@H](O)[C@H]2O)[C@H](O)[C@@H](O)[C@@H]1O	InChI=1S/C12H22O11/c13-1-3-5(15)7(17)9(19)11(21-3)23-12-10(20)8(18)6(16)4(2-14)22-12/h3-20H,1-2H2/t3-,4-,5-,6-,7+,8+,9-,10-,11-,12-/m1/s1	alpha,alpha'-trehalose		169:272 191:402 271:196 361:342	Trehalose, alpha,alpha'- (8TMS)		2715.5	NCBITAXON:http://purl.bioontology.org/ontology/NCBITAXON/4530	Oryza sativa	Golm		MSI:2		tagfinder; manual supervised	944						not found	2026-06-18 20:17:03	not found	2026-06-18 20:17:03	split 1/30
